index,phase,stage,celltype2
AAACCTGCAGACAAAT-1,G2M,CS22,IP
AAACCTGCATGTTGAC-1,G1,CS22,oRG
AAACCTGGTAAGGGAA-1,G1,CS22,MatExc
AAACCTGGTTGCTCCT-1,G1,CS22,vRG
AAACCTGTCACCGTAA-1,G1,CS22,vRG
AAACCTGTCCTGCAGG-1,G1,CS22,vRG
AAACGGGAGAGGACGG-1,G1,CS22,MatExc
AAACGGGCAAACAACA-1,S,CS22,oRG
AAACGGGCACGAAGCA-1,G1,CS22,vRG
AAACGGGGTCTCACCT-1,G1,CS22,vRG
AAACGGGTCATATCGG-1,G2M,CS22,vRG
AAACGGGTCCTTGACC-1,G2M,CS22,vRG
AAACGGGTCGAATGGG-1,G1,CS22,MatExc
AAACGGGTCTTATCTG-1,G1,CS22,MatExc
AAAGATGCACTCGACG-1,G1,CS22,MatExc
AAAGATGCAGGCTGAA-1,G1,CS22,MatExc
AAAGATGCAGTCAGCC-1,G1,CS22,MatExc
AAAGATGCATTAGGCT-1,G2M,CS22,vRG
AAAGATGCATTCACTT-1,G1,CS22,MatExc
AAAGCAAAGTGGAGAA-1,G1,CS22,vRG
AAAGCAACAACGATGG-1,G1,CS22,vRG
AAAGCAATCTGTCTCG-1,G2M,CS22,vRG
AAAGTAGAGTAGATGT-1,S,CS22,oRG
AAAGTAGCAAACCTAC-1,G1,CS22,MatExc
AAAGTAGCATTCTTAC-1,G2M,CS22,vRG
AAAGTAGTCTTCAACT-1,G1,CS22,vRG
AAATGCCAGAAGGTTT-1,S,CS22,vRG
AAATGCCAGACTAGGC-1,G2M,CS22,vRG
AAATGCCAGACTGGGT-1,S,CS22,vRG
AAATGCCAGGACAGAA-1,G1,CS22,vRG
AAATGCCAGGTGCTTT-1,G2M,CS22,oRG
AAATGCCAGTAGCGGT-1,G1,CS22,MatExc
AAATGCCCACTTGGAT-1,G1,CS22,MatExc
AAATGCCCAGTGGGAT-1,G1,CS22,MatExc
AAATGCCGTTAAGGGC-1,G1,CS22,vRG
AAATGCCGTTACGCGC-1,S,CS22,oRG
AAATGCCTCACCATAG-1,G1,CS22,MatExc
AAATGCCTCAGCTCTC-1,G1,CS22,MatExc
AAATGCCTCGGTTCGG-1,G1,CS22,vRG
AAATGCCTCGTTACAG-1,G1,CS22,vRG
AACACGTAGGGCTTCC-1,G2M,CS22,vRG
AACACGTGTCGAACAG-1,G1,CS22,oRG
AACACGTTCGTCACGG-1,G1,CS22,oRG
AACCATGAGCGTGTCC-1,G1,CS22,MatExc
AACCATGCAAAGCGGT-1,S,CS22,vRG
AACCATGGTAAACACA-1,S,CS22,oRG
AACCATGGTTCAGTAC-1,G1,CS22,vRG
AACCATGGTTTGACTG-1,S,CS22,vRG
AACCGCGCACCTGGTG-1,S,CS22,oRG
AACCGCGCAGGTGGAT-1,G2M,CS22,vRG
AACCGCGGTGTTTGTG-1,G1,CS22,MatExc
AACCGCGTCACGATGT-1,G1,CS22,vRG
AACGTTGAGGACATTA-1,G2M,CS22,vRG
AACGTTGAGTACCGGA-1,G2M,CS22,vRG
AACGTTGCACGAAATA-1,G1,CS22,MatExc
AACGTTGGTATAAACG-1,G1,CS22,MatExc
AACGTTGGTGATGTCT-1,G1,CS22,vRG
AACTCAGCAAAGTGCG-1,G1,CS22,vRG
AACTCAGGTGAGTATA-1,S,CS22,oRG
AACTCAGGTTCCTCCA-1,S,CS22,vRG
AACTCAGTCATGCTCC-1,G1,CS22,vRG
AACTCCCAGGTTACCT-1,G1,CS22,oRG
AACTCCCCACATGACT-1,G2M,CS22,vRG
AACTCCCCATGGATGG-1,G1,CS22,vRG
AACTCCCTCTGGTTCC-1,G1,CS22,MatExc
AACTCTTAGCTTTGGT-1,G2M,CS22,vRG
AACTCTTAGTGTCCAT-1,G2M,CS22,vRG
AACTCTTGTCCGTTAA-1,G2M,CS22,vRG
AACTCTTGTGATGTGG-1,S,CS22,oRG
AACTGGTAGGACAGCT-1,G1,CS22,MatExc
AACTGGTAGGGTTTCT-1,G1,CS22,vRG
AACTGGTAGGTGTGGT-1,G1,CS22,MatExc
AACTGGTCACCAGTTA-1,G1,CS22,vRG
AACTGGTCACCGCTAG-1,G2M,CS22,vRG
AACTGGTCATGCCTTC-1,G2M,CS22,vRG
AACTGGTCATTACGAC-1,G2M,CS22,vRG
AACTGGTTCGCCAAAT-1,G1,CS22,MatExc
AACTTTCAGAGTAATC-1,S,CS22,oRG
AACTTTCAGCCAGGAT-1,G1,CS22,MatExc
AACTTTCTCGGACAAG-1,G1,CS22,MatExc
AAGACCTAGTGTACTC-1,G2M,CS22,vRG
AAGACCTCATCACGTA-1,S,CS22,vRG
AAGACCTGTTCAGTAC-1,G2M,CS22,vRG
AAGCCGCAGAAACGAG-1,G1,CS22,vRG
AAGCCGCCATGACATC-1,G1,CS22,MatExc
AAGCCGCGTAAACGCG-1,G1,CS22,MatExc
AAGCCGCGTTATGCGT-1,G1,CS22,MatExc
AAGCCGCTCGTATCAG-1,G2M,CS22,vRG
AAGGAGCCAAGTCTAC-1,G1,CS22,vRG
AAGGAGCTCCGAACGC-1,G1,CS22,vRG
AAGGCAGAGAAACCTA-1,G1,CS22,oRG
AAGGCAGCATCCTAGA-1,G1,CS22,vRG
AAGGCAGTCACATAGC-1,G1,CS22,oRG
AAGGTTCAGTATTGGA-1,G2M,CS22,vRG
AAGGTTCCACGGTGTC-1,G2M,CS22,vRG
AAGGTTCGTCCCGACA-1,G1,CS22,MatExc
AAGGTTCTCCTTTCGG-1,G2M,CS22,oRG
AAGTCTGAGTCATCCA-1,G1,CS22,vRG
AAGTCTGCACGCTTTC-1,G1,CS22,vRG
AAGTCTGCAGGGTATG-1,G2M,CS22,vRG
AAGTCTGTCGCCTGTT-1,G2M,CS22,vRG
AATCCAGGTCGAGATG-1,G1,CS22,MatExc
AATCCAGTCAACGGGA-1,G1,CS22,MatExc
AATCGGTAGTTGAGAT-1,G1,CS22,MatExc
AATCGGTCACATTCGA-1,S,CS22,vRG
AATCGGTCACGAGGTA-1,G1,CS22,MatExc
AATCGGTCATATACCG-1,G1,CS22,vRG
ACACCAAAGATGCCTT-1,S,CS22,vRG
ACACCAAAGGTAGCCA-1,G1,CS22,vRG
ACACCAAAGTCAATAG-1,G1,CS22,MatExc
ACACCAACACCCAGTG-1,G1,CS22,vRG
ACACCAAGTCGCTTCT-1,G2M,CS22,vRG
ACACCCTAGCCTATGT-1,G1,CS22,MatExc
ACACCCTGTCACAAGG-1,G1,CS22,vRG
ACACCGGAGCAGCCTC-1,G1,CS22,oRG
ACACCGGTCTTCGGTC-1,S,CS22,oRG
ACACTGAAGATAGGAG-1,G1,CS22,vRG
ACACTGACAGCCTTGG-1,G2M,CS22,vRG
ACACTGAGTATAATGG-1,G1,CS22,MatExc
ACAGCCGAGTACGTTC-1,S,CS22,IP
ACAGCCGCAGCTGTGC-1,G2M,CS22,vRG
ACAGCCGTCAACACCA-1,G1,CS22,oRG
ACAGCCGTCATAGCAC-1,G1,CS22,MatExc
ACAGCTAAGTGAATTG-1,G1,CS22,MatExc
ACAGCTACACCAACCG-1,G1,CS22,MatExc
ACAGCTAGTGGTTTCA-1,G2M,CS22,vRG
ACAGCTAGTTGTTTGG-1,G2M,CS22,vRG
ACAGCTATCAATCACG-1,G2M,CS22,vRG
ACATACGCACGTCAGC-1,G2M,CS22,MatExc
ACATACGGTCAGCTAT-1,G1,CS22,vRG
ACATACGGTTGAACTC-1,S,CS22,vRG
ACATCAGAGCTAGGCA-1,G1,CS22,MatExc
ACATCAGCAATGTAAG-1,G1,CS22,MatExc
ACATGGTCACCTCGTT-1,S,CS22,oRG
ACATGGTCAGGGAGAG-1,G1,CS22,MatExc
ACATGGTGTGTTTGGT-1,G1,CS22,vRG
ACCAGTAAGGAGTTGC-1,G2M,CS22,vRG
ACCAGTACAATGAATG-1,G1,CS22,vRG
ACCAGTAGTAGCTTGT-1,G1,CS22,MatExc
ACCAGTAGTATTAGCC-1,G1,CS22,vRG
ACCAGTATCTGACCTC-1,G1,CS22,vRG
ACCCACTAGAGCCCAA-1,G1,CS22,MatExc
ACCCACTAGTAGGCCA-1,G1,CS22,MatExc
ACCCACTCAAGCTGGA-1,G1,CS22,vRG
ACCCACTCACATGGGA-1,G2M,CS22,vRG
ACCCACTCATCGGGTC-1,G2M,CS22,vRG
ACCCACTGTTACAGAA-1,G1,CS22,vRG
ACCCACTGTTGCGTTA-1,G2M,CS22,vRG
ACCCACTGTTTGTTGG-1,G2M,CS22,vRG
ACCGTAAAGACAGGCT-1,G1,CS22,MatExc
ACCGTAAAGTCAATAG-1,G2M,CS22,IP
ACCGTAACAGATCCAT-1,G1,CS22,vRG
ACCGTAACATAGAAAC-1,G2M,CS22,vRG
ACCGTAAGTACAGCAG-1,G1,CS22,vRG
ACCTTTAAGCCCGAAA-1,G1,CS22,vRG
ACCTTTACACCAGGTC-1,S,CS22,oRG
ACCTTTAGTTATCCGA-1,G1,CS22,vRG
ACCTTTATCAGCGACC-1,G2M,CS22,vRG
ACCTTTATCCACGACG-1,G1,CS22,MatExc
ACCTTTATCCTAGTGA-1,G1,CS22,MatExc
ACCTTTATCGAACTGT-1,G2M,CS22,vRG
ACCTTTATCGTACCGG-1,S,CS22,oRG
ACGAGCCCATCGTCGG-1,G2M,CS22,vRG
ACGAGCCGTAACGACG-1,G1,CS22,MatExc
ACGAGCCGTCTCCACT-1,S,CS22,vRG
ACGAGCCTCACGCATA-1,G1,CS22,vRG
ACGAGCCTCATGGTCA-1,G1,CS22,IP
ACGAGGAAGGGCTTGA-1,S,CS22,vRG
ACGAGGACAAACTGCT-1,G2M,CS22,vRG
ACGAGGACAACACCTA-1,G2M,CS22,vRG
ACGAGGACATTCCTGC-1,G2M,CS22,vRG
ACGAGGAGTGTGACCC-1,S,CS22,vRG
ACGAGGAGTTCCATGA-1,G1,CS22,MatExc
ACGAGGAGTTCTGGTA-1,G1,CS22,MatExc
ACGAGGATCGTCCGTT-1,G2M,CS22,vRG
ACGATACGTTATCCGA-1,G1,CS22,MatExc
ACGATACTCAGCGACC-1,G1,CS22,oRG
ACGATACTCTTGCCGT-1,G1,CS22,MatExc
ACGATGTAGCGTCAAG-1,S,CS22,vRG
ACGATGTAGGGCTTCC-1,G2M,CS22,IP
ACGATGTCAAACGCGA-1,S,CS22,vRG
ACGCAGCAGACAATAC-1,S,CS22,oRG
ACGCAGCAGGAATGGA-1,G2M,CS22,vRG
ACGCAGCCAGACAAGC-1,G2M,CS22,MatExc
ACGCAGCCAGTATGCT-1,G2M,CS22,vRG
ACGCAGCTCGTTGCCT-1,G1,CS22,MatExc
ACGCCAGCAAGCGCTC-1,G2M,CS22,vRG
ACGCCAGGTCACAAGG-1,G1,CS22,MatExc
ACGCCGAAGTGGAGTC-1,G1,CS22,IP
ACGGAGAAGAATCTCC-1,G2M,CS22,vRG
ACGGAGAAGAGACTTA-1,G1,CS22,MatExc
ACGGAGAAGCACCGTC-1,G1,CS22,vRG
ACGGAGAAGCTGAACG-1,G1,CS22,vRG
ACGGAGAAGTCACGCC-1,S,CS22,vRG
ACGGAGACATAAAGGT-1,S,CS22,vRG
ACGGAGAGTAAGTGTA-1,G1,CS22,MatExc
ACGGAGAGTTGTGGCC-1,G1,CS22,MatExc
ACGGAGATCGTGGGAA-1,G1,CS22,oRG
ACGGAGATCGTTGCCT-1,G1,CS22,MatExc
ACGGCCAAGACTCGGA-1,G2M,CS22,vRG
ACGGCCAAGCAACGGT-1,G2M,CS22,vRG
ACGGCCACACGGTAAG-1,G1,CS22,MatExc
ACGGGCTAGGCGACAT-1,G2M,CS22,vRG
ACGGGCTCAATCTACG-1,G2M,CS22,vRG
ACGGGCTTCCCTCAGT-1,G1,CS22,oRG
ACGGGCTTCTGCAAGT-1,G2M,CS22,vRG
ACGGGTCAGCTAAACA-1,G2M,CS22,vRG
ACGGGTCGTAAATGTG-1,G2M,CS22,vRG
ACGGGTCTCCGTCATC-1,S,CS22,vRG
ACGGGTCTCCTCAATT-1,G1,CS22,vRG
ACGGGTCTCGAGAACG-1,G1,CS22,MatExc
ACGGGTCTCTTACCTA-1,G2M,CS22,IP
ACGTCAACAATGTTGC-1,G2M,CS22,oRG
ACGTCAAGTCTTCTCG-1,G2M,CS22,vRG
ACGTCAAGTGACGCCT-1,G1,CS22,MatExc
ACGTCAAGTGTGTGCC-1,G1,CS22,vRG
ACGTCAATCCTGCAGG-1,G1,CS22,MatExc
ACTATCTAGAGGGATA-1,G1,CS22,MatExc
ACTATCTGTAGCGTCC-1,G1,CS22,vRG
ACTATCTGTCCAACTA-1,G2M,CS22,oRG
ACTATCTTCTCGCATC-1,G2M,CS22,vRG
ACTATCTTCTTGTACT-1,G1,CS22,MatExc
ACTGAACAGGGTTTCT-1,G1,CS22,MatExc
ACTGAACCAATCGAAA-1,G1,CS22,vRG
ACTGAACCATTGAGCT-1,G1,CS22,MatExc
ACTGAACGTTAGGGTG-1,G2M,CS22,vRG
ACTGAACTCATTTGGG-1,G1,CS22,MatExc
ACTGAACTCTGGTTCC-1,G1,CS22,vRG
ACTGAGTAGGAGTAGA-1,G1,CS22,MatExc
ACTGAGTAGTGGTAGC-1,G1,CS22,vRG
ACTGAGTCACGGTAAG-1,S,CS22,oRG
ACTGAGTCACGGTTTA-1,G2M,CS22,vRG
ACTGAGTTCTTATCTG-1,S,CS22,oRG
ACTGATGGTCTCTTAT-1,G2M,CS22,vRG
ACTGATGGTGTTTGTG-1,G2M,CS22,vRG
ACTGATGTCCTACAGA-1,G1,CS22,MatExc
ACTGCTCAGGCGCTCT-1,G2M,CS22,vRG
ACTGCTCGTAGCGCTC-1,G1,CS22,vRG
ACTGCTCGTTATTCTC-1,G2M,CS22,vRG
ACTGCTCTCCTTCAAT-1,G2M,CS22,vRG
ACTGTCCGTACCGCTG-1,G1,CS22,MatExc
ACTTACTCACACCGAC-1,G1,CS22,IP
ACTTACTCACGGCGTT-1,S,CS22,vRG
ACTTACTCATAAGACA-1,G2M,CS22,vRG
ACTTACTTCCATTCTA-1,S,CS22,vRG
ACTTGTTTCAAGAAGT-1,G1,CS22,vRG
ACTTGTTTCATGTCTT-1,S,CS22,vRG
ACTTGTTTCCACGACG-1,S,CS22,oRG
ACTTGTTTCCCTAACC-1,G2M,CS22,vRG
ACTTGTTTCCTCAACC-1,G1,CS22,MatExc
ACTTTCAAGCTAGTGG-1,G2M,CS22,vRG
ACTTTCATCCAACCAA-1,G2M,CS22,oRG
AGAATAGAGGGTATCG-1,G1,CS22,vRG
AGAATAGCAGTAACGG-1,S,CS22,vRG
AGAATAGGTAATTGGA-1,G1,CS22,vRG
AGAATAGGTCGAGTTT-1,G2M,CS22,vRG
AGAATAGGTTGAGGTG-1,G2M,CS22,vRG
AGAATAGTCCGTACAA-1,G2M,CS22,vRG
AGACGTTAGAAGAAGC-1,G1,CS22,vRG
AGACGTTAGAGTCTGG-1,G1,CS22,vRG
AGACGTTCAACACCCG-1,G1,CS22,vRG
AGACGTTCATCGATTG-1,G1,CS22,vRG
AGACGTTGTTCAGCGC-1,G1,CS22,vRG
AGAGCGAAGAACAATC-1,G1,CS22,vRG
AGAGCGATCACTCTTA-1,G1,CS22,MatExc
AGAGCGATCCGTCAAA-1,G1,CS22,vRG
AGAGCTTAGCCGGTAA-1,G1,CS22,MatExc
AGAGCTTCAAACCTAC-1,S,CS22,vRG
AGAGCTTCATGACATC-1,G2M,CS22,vRG
AGAGCTTGTGGCAAAC-1,G1,CS22,vRG
AGAGCTTGTTCGGCAC-1,G2M,CS22,vRG
AGAGTGGAGGACAGAA-1,G1,CS22,vRG
AGAGTGGCACGTGAGA-1,G1,CS22,vRG
AGAGTGGCATCACGTA-1,G1,CS22,vRG
AGAGTGGGTCACTGGC-1,G2M,CS22,vRG
AGAGTGGTCGTCCGTT-1,G1,CS22,vRG
AGATCTGAGTGTACGG-1,G1,CS22,vRG
AGATCTGGTGCGAAAC-1,G1,CS22,vRG
AGATTGCCAAGCGAGT-1,G1,CS22,MatExc
AGCAGCCAGTGTACTC-1,G1,CS22,vRG
AGCAGCCCACTAGTAC-1,G1,CS22,MatExc
AGCAGCCGTATGGTTC-1,G2M,CS22,IP
AGCAGCCGTCTAGTCA-1,S,CS22,vRG
AGCAGCCGTGACGCCT-1,S,CS22,vRG
AGCAGCCGTTACCAGT-1,G1,CS22,vRG
AGCAGCCTCAGCATGT-1,G1,CS22,oRG
AGCAGCCTCTACCAGA-1,G1,CS22,vRG
AGCATACAGCAGACTG-1,G1,CS22,MatExc
AGCATACAGGATGGAA-1,G1,CS22,vRG
AGCATACCACACATGT-1,G1,CS22,vRG
AGCATACGTACAAGTA-1,G1,CS22,vRG
AGCATACGTTACGACT-1,G1,CS22,vRG
AGCATACTCACCATAG-1,G1,CS22,vRG
AGCATACTCTTGCATT-1,G1,CS22,oRG
AGCCTAACAAGACACG-1,G2M,CS22,vRG
AGCCTAATCAGGATCT-1,G1,CS22,vRG
AGCCTAATCCTCAATT-1,G2M,CS22,vRG
AGCCTAATCGTCCAGG-1,G2M,CS22,vRG
AGCGGTCAGTCCATAC-1,G2M,CS22,vRG
AGCGGTCGTACAGCAG-1,G1,CS22,vRG
AGCGGTCGTCAGATAA-1,G1,CS22,MatExc
AGCGGTCGTCAGTGGA-1,G2M,CS22,vRG
AGCGGTCTCTTAACCT-1,G1,CS22,vRG
AGCGTATGTAAACCTC-1,S,CS22,vRG
AGCGTATGTAGCGTAG-1,S,CS22,IP
AGCGTATGTCAGAGGT-1,G2M,CS22,vRG
AGCGTATTCTACTTAC-1,G2M,CS22,vRG
AGCGTCGAGACGACGT-1,S,CS22,vRG
AGCGTCGCACACCGAC-1,S,CS22,oRG
AGCGTCGCACTTAACG-1,G1,CS22,MatExc
AGCGTCGCATGCGCAC-1,G1,CS22,vRG
AGCGTCGGTACCGCTG-1,G1,CS22,oRG
AGCGTCGGTGATAAGT-1,G2M,CS22,vRG
AGCGTCGTCATCGATG-1,G1,CS22,MatExc
AGCGTCGTCTGTACGA-1,S,CS22,oRG
AGCTCCTAGCGAAGGG-1,S,CS22,vRG
AGCTCCTCAAGCCGTC-1,G2M,CS22,vRG
AGCTCCTGTCTGGTCG-1,G1,CS22,vRG
AGCTCCTGTTCTGTTT-1,G2M,CS22,MatExc
AGCTCTCGTACTCGCG-1,S,CS22,oRG
AGCTCTCGTGGCCCTA-1,G1,CS22,vRG
AGCTTGATCAAGGCTT-1,G1,CS22,MatExc
AGCTTGATCACAAACC-1,G2M,CS22,vRG
AGGCCACCAGGAACGT-1,G1,CS22,vRG
AGGCCACCATTCGACA-1,G2M,CS22,vRG
AGGCCACGTAACGTTC-1,G1,CS22,vRG
AGGCCGTAGCGCTCCA-1,G1,CS22,MatExc
AGGCCGTAGGATATAC-1,G1,CS22,vRG
AGGCCGTGTCGGCACT-1,G1,CS22,MatExc
AGGCCGTGTGAACCTT-1,G1,CS22,MatExc
AGGCCGTTCTATGTGG-1,G2M,CS22,vRG
AGGCCGTTCTTTACGT-1,G1,CS22,MatExc
AGGGAGTCACCAGGCT-1,S,CS22,vRG
AGGGAGTCAGGACGTA-1,G2M,CS22,vRG
AGGGAGTCATGGTCAT-1,G1,CS22,vRG
AGGGAGTGTGCGATAG-1,S,CS22,vRG
AGGGATGGTAGGGTAC-1,G1,CS22,MatExc
AGGGATGGTGAAGGCT-1,G1,CS22,MatExc
AGGGATGGTTGATTCG-1,G2M,CS22,vRG
AGGGATGTCGAGAACG-1,G1,CS22,oRG
AGGGATGTCTCTGCTG-1,G1,CS22,MatExc
AGGGTGAAGACCGGAT-1,G1,CS22,vRG
AGGGTGACACTCAGGC-1,G2M,CS22,vRG
AGGGTGACAGGCTGAA-1,G1,CS22,MatExc
AGGTCATAGATCCGAG-1,G2M,CS22,vRG
AGGTCATAGTGCTGCC-1,G2M,CS22,vRG
AGGTCATCACGTTGGC-1,S,CS22,oRG
AGGTCATCAGCTCCGA-1,G2M,CS22,vRG
AGGTCATCAGGCGATA-1,G1,CS22,MatExc
AGGTCATGTATTAGCC-1,G1,CS22,MatExc
AGGTCATTCCTACAGA-1,G2M,CS22,vRG
AGGTCATTCCTTGACC-1,G1,CS22,MatExc
AGGTCATTCTCCAACC-1,G1,CS22,vRG
AGGTCCGAGAGGTTGC-1,S,CS22,oRG
AGGTCCGAGCCAGTAG-1,G2M,CS22,MatExc
AGGTCCGCATCTCCCA-1,G2M,CS22,vRG
AGGTCCGGTGTCAATC-1,G1,CS22,vRG
AGGTCCGTCTCGAGTA-1,G1,CS22,MatExc
AGTAGTCCACTGTCGG-1,S,CS22,vRG
AGTAGTCCATCGATGT-1,G1,CS22,MatExc
AGTAGTCGTACATGTC-1,G1,CS22,MatExc
AGTAGTCGTCAAGCGA-1,G1,CS22,MatExc
AGTAGTCGTTAAGATG-1,G2M,CS22,vRG
AGTAGTCTCCAGAGGA-1,G2M,CS22,vRG
AGTCTTTCACGTCAGC-1,G1,CS22,MatExc
AGTCTTTCATTCTCAT-1,G1,CS22,MatExc
AGTCTTTTCGGCTACG-1,G1,CS22,MatExc
AGTGAGGCAATGGACG-1,G1,CS22,vRG
AGTGAGGTCCTTGGTC-1,G1,CS22,IP
AGTGGGAAGCGGATCA-1,G1,CS22,MatExc
AGTGGGACACGTTGGC-1,G1,CS22,vRG
AGTGGGACATCACCCT-1,G1,CS22,MatExc
AGTGGGAGTACATCCA-1,G1,CS22,vRG
AGTGTCAAGCTGAAAT-1,G2M,CS22,vRG
AGTGTCAAGGCGACAT-1,G1,CS22,vRG
AGTGTCACAATGAATG-1,G2M,CS22,vRG
AGTGTCATCCACGAAT-1,G1,CS22,IP
AGTTGGTAGGACACCA-1,G1,CS22,MatExc
AGTTGGTCACTGTGTA-1,G2M,CS22,vRG
AGTTGGTGTAAATGTG-1,G1,CS22,vRG
ATAACGCAGAAGGTGA-1,G1,CS22,vRG
ATAACGCCAAGCGTAG-1,G1,CS22,MatExc
ATAACGCGTCCGAGTC-1,G2M,CS22,vRG
ATAACGCGTCTCACCT-1,G1,CS22,MatExc
ATAAGAGCAAGCTGGA-1,G2M,CS22,vRG
ATAAGAGGTAGCGCTC-1,G1,CS22,MatExc
ATAAGAGGTCGGCTCA-1,S,CS22,vRG
ATAAGAGGTTCCACAA-1,S,CS22,vRG
ATAAGAGTCTCGTTTA-1,G1,CS22,MatExc
ATAGACCCATGACGGA-1,G1,CS22,MatExc
ATAGACCGTTGCGTTA-1,S,CS22,oRG
ATCACGAGTGCAGACA-1,S,CS22,oRG
ATCACGAGTTAAGGGC-1,G2M,CS22,vRG
ATCATCTAGGAGTAGA-1,G1,CS22,vRG
ATCATCTGTGGTCTCG-1,S,CS22,vRG
ATCATCTTCCAAATGC-1,G1,CS22,MatExc
ATCATCTTCTGCCCTA-1,G2M,CS22,vRG
ATCATGGCAAGAGTCG-1,G1,CS22,MatExc
ATCATGGCACGGACAA-1,G2M,CS22,vRG
ATCCACCAGACTAAGT-1,G1,CS22,vRG
ATCCACCAGCTAAACA-1,S,CS22,vRG
ATCCACCGTCAATACC-1,G2M,CS22,vRG
ATCCACCGTCGGATCC-1,G1,CS22,vRG
ATCCGAAAGTCTCCTC-1,G1,CS22,vRG
ATCCGAAGTCGAAAGC-1,G1,CS22,vRG
ATCGAGTCAATAACGA-1,G2M,CS22,vRG
ATCGAGTTCATGCAAC-1,G2M,CS22,vRG
ATCTACTAGCGTAGTG-1,G1,CS22,vRG
ATCTACTAGGGTCTCC-1,G1,CS22,oRG
ATCTACTGTATAGTAG-1,G1,CS22,vRG
ATCTACTTCACCTCGT-1,G2M,CS22,vRG
ATCTACTTCGCTGATA-1,G1,CS22,vRG
ATCTGCCAGTCACGCC-1,G1,CS22,MatExc
ATCTGCCCAGATGGGT-1,G1,CS22,vRG
ATCTGCCGTGCTCTTC-1,G1,CS22,MatExc
ATCTGCCTCAGCTCGG-1,G2M,CS22,vRG
ATCTGCCTCTGTCAAG-1,G1,CS22,oRG
ATGAGGGCAGACAGGT-1,S,CS22,vRG
ATGAGGGCATATGGTC-1,G2M,CS22,vRG
ATGAGGGGTAGCGCTC-1,G1,CS22,vRG
ATGAGGGGTTAGGGTG-1,G1,CS22,MatExc
ATGAGGGGTTCTGTTT-1,G1,CS22,MatExc
ATGCGATCAGTATGCT-1,G2M,CS22,vRG
ATGCGATCATTTGCTT-1,G1,CS22,MatExc
ATGCGATGTAGCTGCC-1,G1,CS22,vRG
ATGCGATGTAGCTTGT-1,G2M,CS22,vRG
ATGCGATGTCACACGC-1,G1,CS22,MatExc
ATGCGATTCCCTTGTG-1,G1,CS22,MatExc
ATGGGAGGTCAGAATA-1,G2M,CS22,vRG
ATGTGTGGTAAACACA-1,G1,CS22,MatExc
ATGTGTGGTACGCTGC-1,G1,CS22,vRG
ATGTGTGTCAGAAATG-1,G2M,CS22,oRG
ATTACTCAGAGTAATC-1,G1,CS22,vRG
ATTACTCAGATGAGAG-1,G1,CS22,MatExc
ATTACTCAGCAGATCG-1,G1,CS22,vRG
ATTACTCAGCCATCGC-1,G1,CS22,vRG
ATTACTCCATGTCGAT-1,G2M,CS22,vRG
ATTACTCTCCTGCCAT-1,G1,CS22,vRG
ATTACTCTCGAGAGCA-1,G1,CS22,oRG
ATTACTCTCGTACGGC-1,G1,CS22,vRG
ATTACTCTCTCTAGGA-1,G1,CS22,MatExc
ATTATCCAGAGGTTGC-1,G1,CS22,MatExc
ATTATCCCAGGGTACA-1,G1,CS22,vRG
ATTATCCGTAGCGCAA-1,S,CS22,vRG
ATTCTACGTACTTGAC-1,S,CS22,oRG
ATTCTACTCGTAGGTT-1,G1,CS22,vRG
ATTCTACTCTCCGGTT-1,G2M,CS22,vRG
ATTGGACCATGCCTAA-1,G2M,CS22,vRG
ATTGGTGCAAGAGTCG-1,G2M,CS22,vRG
ATTGGTGCAGCTGTTA-1,G1,CS22,vRG
ATTGGTGGTCATATGC-1,S,CS22,vRG
ATTTCTGAGCGTGAAC-1,G1,CS22,MatExc
ATTTCTGGTGCTAGCC-1,G1,CS22,vRG
ATTTCTGTCCGCATCT-1,G1,CS22,oRG
CAACCAAAGAGCTATA-1,G1,CS22,vRG
CAACCAAAGCAACGGT-1,G1,CS22,MatExc
CAACCAACAGGATTGG-1,G1,CS22,vRG
CAACCAACATATGAGA-1,G1,CS22,MatExc
CAACCAATCATCGGAT-1,G1,CS22,IP
CAACCAATCGTCTGCT-1,G2M,CS22,IP
CAACCTCAGCAGCGTA-1,G1,CS22,vRG
CAACCTCGTAAATACG-1,G1,CS22,vRG
CAACCTCGTGTTCGAT-1,G2M,CS22,vRG
CAACCTCTCCCTAACC-1,G1,CS22,vRG
CAACCTCTCTGCCCTA-1,G1,CS22,vRG
CAACTAGAGTGTCTCA-1,G1,CS22,MatExc
CAACTAGCATACGCTA-1,G2M,CS22,vRG
CAACTAGCATAGAAAC-1,G1,CS22,vRG
CAACTAGGTCCGAGTC-1,G2M,CS22,vRG
CAACTAGGTTCTGGTA-1,G1,CS22,MatExc
CAAGAAAAGACTGTAA-1,G2M,CS22,oRG
CAAGAAAAGAGGGCTT-1,G1,CS22,MatExc
CAAGAAAAGTTAGGTA-1,G2M,CS22,vRG
CAAGAAATCAAAGTAG-1,G1,CS22,vRG
CAAGAAATCAAGGTAA-1,G1,CS22,vRG
CAAGAAATCCTGCAGG-1,S,CS22,oRG
CAAGATCAGAATTCCC-1,G1,CS22,vRG
CAAGATCAGACTTGAA-1,G1,CS22,MatExc
CAAGATCCATGCTGGC-1,G2M,CS22,vRG
CAAGATCGTAGGGACT-1,S,CS22,vRG
CAAGATCGTCTGATTG-1,G2M,CS22,vRG
CAAGATCGTTTGGCGC-1,G2M,CS22,vRG
CAAGATCTCACGCATA-1,S,CS22,vRG
CAAGATCTCTTACCGC-1,G1,CS22,MatExc
CAAGGCCCACAGATTC-1,G1,CS22,MatExc
CAAGGCCGTAGCGTCC-1,G2M,CS22,vRG
CAAGTTGAGGCAGTCA-1,G1,CS22,MatExc
CAAGTTGAGTCGCCGT-1,S,CS22,vRG
CAAGTTGGTAATAGCA-1,G1,CS22,MatExc
CAAGTTGGTATGCTTG-1,G1,CS22,MatExc
CAAGTTGGTCTCAACA-1,G1,CS22,vRG
CAAGTTGGTTACCGAT-1,G1,CS22,MatExc
CAAGTTGTCGTCTGAA-1,G1,CS22,oRG
CAAGTTGTCTCAAGTG-1,G1,CS22,MatExc
CACAAACAGAGTAAGG-1,G1,CS22,vRG
CACAAACAGCTCCCAG-1,S,CS22,oRG
CACAAACCACATTAGC-1,G1,CS22,vRG
CACAAACGTAGTGAAT-1,G2M,CS22,vRG
CACACAACATCCGCGA-1,G1,CS22,vRG
CACACAACATTCCTGC-1,G1,CS22,vRG
CACACAAGTGCACGAA-1,G1,CS22,MatExc
CACACAAGTGCGGTAA-1,G2M,CS22,vRG
CACACAATCCCTCAGT-1,G1,CS22,MatExc
CACACCTAGACACTAA-1,G1,CS22,MatExc
CACACCTCACTAGTAC-1,G2M,CS22,vRG
CACACCTTCTACTCAT-1,G2M,CS22,vRG
CACACTCAGGCATGTG-1,G2M,CS22,vRG
CACACTCGTAGGGTAC-1,S,CS22,oRG
CACACTCTCAGCGACC-1,G1,CS22,vRG
CACACTCTCAGTTGAC-1,G1,CS22,MatExc
CACACTCTCCAAACTG-1,G1,CS22,vRG
CACAGGCAGCGCCTTG-1,G2M,CS22,vRG
CACAGGCTCGTTTGCC-1,G1,CS22,vRG
CACAGTAAGGCATGTG-1,G2M,CS22,IP
CACAGTACACTGTCGG-1,G1,CS22,MatExc
CACAGTACATAGAAAC-1,S,CS22,oRG
CACAGTAGTTCCACTC-1,G1,CS22,oRG
CACAGTATCCGAAGAG-1,G1,CS22,vRG
CACATAGAGGTGTTAA-1,G1,CS22,MatExc
CACATAGAGTGCGTGA-1,G1,CS22,MatExc
CACATAGCAAGGACTG-1,G1,CS22,vRG
CACATAGCACGAGAGT-1,S,CS22,oRG
CACATTTGTACATCCA-1,G1,CS22,MatExc
CACATTTGTTATCCGA-1,G1,CS22,oRG
CACATTTGTTGGAGGT-1,G1,CS22,MatExc
CACCACTAGTCCAGGA-1,G1,CS22,vRG
CACCACTGTCGGCTCA-1,G1,CS22,MatExc
CACCACTTCAATACCG-1,G2M,CS22,vRG
CACCACTTCATATCGG-1,S,CS22,vRG
CACCAGGAGTGTCCAT-1,S,CS22,vRG
CACCAGGCACCATCCT-1,G2M,CS22,vRG
CACCAGGGTAGCGATG-1,G1,CS22,oRG
CACCAGGGTCTTCAAG-1,S,CS22,vRG
CACCTTGGTTGCCTCT-1,S,CS22,vRG
CACCTTGTCAAACGGG-1,S,CS22,vRG
CACCTTGTCTTAGAGC-1,G1,CS22,vRG
CACTCCACAACGATCT-1,G1,CS22,MatExc
CACTCCACACATCCGG-1,G2M,CS22,vRG
CACTCCAGTCAGATAA-1,G1,CS22,MatExc
CACTCCAGTCCGACGT-1,S,CS22,oRG
CACTCCAGTTAGATGA-1,G1,CS22,vRG
CACTCCATCCAGAAGG-1,S,CS22,oRG
CACTCCATCCCAGGTG-1,G1,CS22,oRG
CAGAATCAGCTTTGGT-1,G1,CS22,MatExc
CAGAATCAGTTGAGAT-1,G2M,CS22,vRG
CAGAATCCACGGATAG-1,G2M,CS22,vRG
CAGAGAGAGTACGCCC-1,G1,CS22,MatExc
CAGAGAGCACAGAGGT-1,G1,CS22,vRG
CAGAGAGCACTTCGAA-1,G1,CS22,vRG
CAGAGAGCATGAAGTA-1,G2M,CS22,vRG
CAGAGAGGTGCTAGCC-1,G1,CS22,MatExc
CAGAGAGTCTCGTATT-1,G1,CS22,MatExc
CAGAGAGTCTTAGAGC-1,G2M,CS22,vRG
CAGATCACACATCCGG-1,G1,CS22,MatExc
CAGATCAGTTATTCTC-1,G2M,CS22,vRG
CAGATCAGTTTAGGAA-1,G1,CS22,vRG
CAGCAGCAGCCGTCGT-1,G2M,CS22,vRG
CAGCAGCGTGCACGAA-1,G1,CS22,vRG
CAGCAGCTCAGTTAGC-1,G1,CS22,MatExc
CAGCATAAGTTCGATC-1,G1,CS22,MatExc
CAGCATACACATCTTT-1,G1,CS22,MatExc
CAGCATAGTAAATGTG-1,G1,CS22,vRG
CAGCATATCAACTCTT-1,G1,CS22,vRG
CAGCATATCAGAGACG-1,G1,CS22,vRG
CAGCATATCTGAGTGT-1,G2M,CS22,vRG
CAGCCGAAGAATTCCC-1,G2M,CS22,vRG
CAGCCGAAGACTTGAA-1,G1,CS22,vRG
CAGCCGAAGAGGACGG-1,S,CS22,oRG
CAGCCGAAGTACGCGA-1,S,CS22,oRG
CAGCCGAGTCTCTCTG-1,G2M,CS22,vRG
CAGCGACCAAGGTTTC-1,G1,CS22,MatExc
CAGCGACGTGCGCTTG-1,G2M,CS22,vRG
CAGCGACGTGGTCCGT-1,G1,CS22,MatExc
CAGCGACGTGTATGGG-1,G1,CS22,MatExc
CAGCGACTCTTTACGT-1,G1,CS22,MatExc
CAGCTAAAGCGATGAC-1,S,CS22,vRG
CAGCTAACAATGAATG-1,G1,CS22,MatExc
CAGCTAACATCGACGC-1,G1,CS22,MatExc
CAGCTAACATTGGTAC-1,S,CS22,IP
CAGCTAATCTTAACCT-1,G1,CS22,MatExc
CAGCTGGCAGACACTT-1,G1,CS22,MatExc
CAGCTGGCAGCTTAAC-1,S,CS22,oRG
CAGCTGGCATTGAGCT-1,G1,CS22,MatExc
CAGCTGGGTCGCTTCT-1,S,CS22,IP
CAGCTGGTCGTTTGCC-1,G2M,CS22,vRG
CAGGTGCAGATGAGAG-1,G2M,CS22,vRG
CAGGTGCTCCACGTGG-1,G2M,CS22,oRG
CAGTAACAGTCCGTAT-1,G1,CS22,vRG
CAGTAACCATGTCGAT-1,G2M,CS22,vRG
CAGTAACGTTGTCTTT-1,G1,CS22,vRG
CAGTCCTTCGTCGTTC-1,G1,CS22,oRG
CAGTCCTTCGTTGACA-1,G1,CS22,vRG
CATATGGAGGTGCTTT-1,S,CS22,vRG
CATATGGGTTACCAGT-1,G2M,CS22,vRG
CATATTCCATATGAGA-1,G1,CS22,vRG
CATATTCTCCCTCTTT-1,G1,CS22,vRG
CATATTCTCGCCCTTA-1,G1,CS22,MatExc
CATATTCTCTTTAGTC-1,G1,CS22,MatExc
CATCAAGAGAGCCTAG-1,G1,CS22,vRG
CATCAAGGTATCGCAT-1,G1,CS22,MatExc
CATCAAGGTCGAACAG-1,G1,CS22,vRG
CATCAGAAGTGTTTGC-1,S,CS22,vRG
CATCAGATCAGATAAG-1,G2M,CS22,vRG
CATCAGATCATAAAGG-1,G1,CS22,oRG
CATCCACGTAAGGGCT-1,G2M,CS22,vRG
CATCGAAAGTCTCAAC-1,G1,CS22,vRG
CATCGAACAGTGGGAT-1,G2M,CS22,vRG
CATCGAATCTGGTATG-1,G1,CS22,MatExc
CATCGGGCAAGCTGTT-1,G2M,CS22,vRG
CATCGGGCATACAGCT-1,G1,CS22,oRG
CATCGGGGTGCCTGCA-1,G1,CS22,vRG
CATGACAAGCAGCGTA-1,S,CS22,vRG
CATGACACAAGGACAC-1,G1,CS22,vRG
CATGCCTCAGCTGTTA-1,S,CS22,oRG
CATGCCTCATGGGAAC-1,G1,CS22,MatExc
CATGGCGCAGTGGAGT-1,G1,CS22,vRG
CATGGCGCAGTTAACC-1,G1,CS22,MatExc
CATGGCGGTATATGAG-1,G1,CS22,vRG
CATGGCGGTTACGGAG-1,G2M,CS22,vRG
CATGGCGGTTCTGGTA-1,G1,CS22,vRG
CATGGCGTCAGAGGTG-1,S,CS22,vRG
CATTATCTCGAGAACG-1,G1,CS22,MatExc
CATTATCTCTGCCAGG-1,G2M,CS22,vRG
CATTATCTCTGTCAAG-1,G1,CS22,MatExc
CATTCGCAGCTAACTC-1,G2M,CS22,vRG
CATTCGCAGTGCCAGA-1,G1,CS22,MatExc
CATTCGCTCATAGCAC-1,G1,CS22,vRG
CATTCGCTCCGTCAAA-1,G1,CS22,MatExc
CCAATCCAGAAGCCCA-1,G1,CS22,vRG
CCAATCCGTCGAACAG-1,S,CS22,oRG
CCAATCCGTGATGTGG-1,S,CS22,vRG
CCAATCCTCACAGGCC-1,G1,CS22,MatExc
CCAATCCTCGCCTGAG-1,G2M,CS22,vRG
CCACCTAAGTGTACGG-1,S,CS22,oRG
CCACCTACATCTACGA-1,G2M,CS22,vRG
CCACCTAGTCGAGATG-1,G2M,CS22,vRG
CCACCTAGTTTCGCTC-1,G2M,CS22,vRG
CCACGGACACTTAACG-1,G2M,CS22,vRG
CCACGGACATATACGC-1,G1,CS22,MatExc
CCACGGAGTCCCGACA-1,G1,CS22,MatExc
CCACTACCACATGTGT-1,G1,CS22,MatExc
CCACTACCATCGGAAG-1,G2M,CS22,vRG
CCACTACGTGGCTCCA-1,G1,CS22,vRG
CCACTACTCCGTCAAA-1,G1,CS22,MatExc
CCAGCGATCCGGCACA-1,G1,CS22,vRG
CCAGCGATCCTTGACC-1,G2M,CS22,vRG
CCATGTCTCAATCACG-1,G2M,CS22,vRG
CCATGTCTCGCGCCAA-1,G1,CS22,MatExc
CCATGTCTCGGAAACG-1,G1,CS22,MatExc
CCATGTCTCTAGAGTC-1,G1,CS22,vRG
CCATTCGCATAAAGGT-1,G2M,CS22,vRG
CCATTCGTCAGATAAG-1,G1,CS22,vRG
CCATTCGTCTTCGGTC-1,G1,CS22,MatExc
CCCAATCCAGCCTTGG-1,G2M,CS22,vRG
CCCAATCGTCGCGGTT-1,G1,CS22,vRG
CCCAATCTCAGGCGAA-1,G1,CS22,oRG
CCCAGTTCATCTCCCA-1,G1,CS22,vRG
CCCATACAGCCGTCGT-1,G1,CS22,vRG
CCCATACGTGCACGAA-1,G1,CS22,vRG
CCCTCCTAGCGATCCC-1,G2M,CS22,vRG
CCCTCCTAGGACACCA-1,G1,CS22,vRG
CCCTCCTCACCGCTAG-1,G1,CS22,MatExc
CCCTCCTGTTACCGAT-1,S,CS22,IP
CCGGGATAGCTAGCCC-1,S,CS22,oRG
CCGGGATCATGTTCCC-1,G2M,CS22,vRG
CCGGGATGTAGGCATG-1,G1,CS22,vRG
CCGGTAGGTCAAAGCG-1,G1,CS22,vRG
CCGGTAGGTCTCCCTA-1,G2M,CS22,vRG
CCGTACTCAAGCCATT-1,S,CS22,vRG
CCGTGGATCCCTCTTT-1,G1,CS22,vRG
CCGTTCAAGCTGTCTA-1,G2M,CS22,vRG
CCGTTCAGTAAGTGTA-1,G1,CS22,vRG
CCGTTCAGTCCCTACT-1,G1,CS22,vRG
CCGTTCAGTCTAAAGA-1,G1,CS22,MatExc
CCGTTCAGTGGTGTAG-1,G1,CS22,MatExc
CCTAAAGAGAGTAATC-1,S,CS22,vRG
CCTAAAGGTTATGTGC-1,G1,CS22,MatExc
CCTAAAGTCTCAAGTG-1,G1,CS22,MatExc
CCTAAAGTCTCTTATG-1,S,CS22,oRG
CCTACACAGTGATCGG-1,G1,CS22,MatExc
CCTACACGTGACCAAG-1,S,CS22,oRG
CCTACACGTGATGCCC-1,G1,CS22,MatExc
CCTACACTCATCATTC-1,G1,CS22,MatExc
CCTACACTCCTCCTAG-1,G1,CS22,vRG
CCTACACTCGGCGCTA-1,G1,CS22,vRG
CCTACCAAGGCTCATT-1,G1,CS22,MatExc
CCTACCACAAGCTGTT-1,G1,CS22,vRG
CCTAGCTAGGCTCAGA-1,G1,CS22,vRG
CCTAGCTCATTTCACT-1,G1,CS22,vRG
CCTAGCTGTAAATGAC-1,G1,CS22,vRG
CCTAGCTTCCAATGGT-1,G1,CS22,vRG
CCTATTACAGGCAGTA-1,S,CS22,oRG
CCTATTATCACCGTAA-1,G1,CS22,MatExc
CCTATTATCTGCCAGG-1,S,CS22,oRG
CCTCAGTAGGAGTTTA-1,G2M,CS22,vRG
CCTCAGTCAGATAATG-1,G2M,CS22,vRG
CCTCAGTGTAGCGTAG-1,G1,CS22,vRG
CCTCAGTGTTCCCGAG-1,G1,CS22,vRG
CCTCAGTTCAGCAACT-1,G1,CS22,MatExc
CCTCAGTTCAGGCCCA-1,G1,CS22,vRG
CCTCAGTTCATTGCCC-1,S,CS22,vRG
CCTCAGTTCTCCCTGA-1,G1,CS22,MatExc
CCTCTGAAGGAGTTGC-1,G2M,CS22,vRG
CCTCTGAAGGTCATCT-1,G1,CS22,vRG
CCTCTGACACCTCGGA-1,G1,CS22,MatExc
CCTCTGAGTCTAACGT-1,G1,CS22,vRG
CCTTACGAGGTGTGGT-1,G2M,CS22,vRG
CCTTACGCAGGATTGG-1,G1,CS22,oRG
CCTTACGGTCAGATAA-1,G2M,CS22,vRG
CCTTACGGTCTCATCC-1,G2M,CS22,vRG
CCTTACGGTGTGCGTC-1,G1,CS22,MatExc
CCTTACGTCTGTTTGT-1,G2M,CS22,vRG
CCTTCCCAGACACTAA-1,G1,CS22,MatExc
CCTTCCCAGCACGCCT-1,G1,CS22,MatExc
CCTTCCCGTAAAGGAG-1,G1,CS22,MatExc
CCTTCCCGTGCCTGTG-1,G1,CS22,MatExc
CCTTCGAGTTACGTCA-1,G2M,CS22,vRG
CCTTTCTAGCAGACTG-1,G1,CS22,MatExc
CCTTTCTCACAGATTC-1,G2M,CS22,vRG
CCTTTCTCATGTCCTC-1,G2M,CS22,vRG
CCTTTCTGTATCACCA-1,G1,CS22,MatExc
CGAACATAGATGCCTT-1,G2M,CS22,vRG
CGAACATTCACTTACT-1,G1,CS22,MatExc
CGAACATTCAGTACGT-1,G2M,CS22,vRG
CGAATGTGTCAATACC-1,G2M,CS22,vRG
CGAATGTTCCCTCTTT-1,S,CS22,vRG
CGACCTTAGTACGCGA-1,G1,CS22,vRG
CGACCTTCACCACGTG-1,G2M,CS22,vRG
CGACCTTTCCCTAATT-1,G1,CS22,MatExc
CGACCTTTCCGTTGTC-1,G1,CS22,MatExc
CGACCTTTCGCGCCAA-1,S,CS22,vRG
CGACTTCCACAGAGGT-1,G1,CS22,vRG
CGAGAAGAGCAGGCTA-1,G1,CS22,vRG
CGAGAAGCAAGAAGAG-1,G1,CS22,MatExc
CGAGAAGCAAGCTGAG-1,S,CS22,vRG
CGAGAAGCACCTGGTG-1,G1,CS22,vRG
CGAGAAGGTCCCTACT-1,G1,CS22,oRG
CGAGAAGGTGTGACGA-1,G2M,CS22,vRG
CGAGCACAGCAATCTC-1,G1,CS22,MatExc
CGAGCACAGCTTTGGT-1,G2M,CS22,vRG
CGAGCACCACGGCGTT-1,G1,CS22,vRG
CGAGCACGTCTGGAGA-1,G1,CS22,vRG
CGAGCACGTGGCAAAC-1,S,CS22,vRG
CGAGCACGTGTTCTTT-1,G1,CS22,oRG
CGAGCACTCAACGGCC-1,G1,CS22,MatExc
CGAGCACTCTTGCAAG-1,G2M,CS22,vRG
CGAGCCACACAGATTC-1,G1,CS22,vRG
CGAGCCACATGCCTTC-1,G1,CS22,vRG
CGAGCCAGTAGCGTCC-1,S,CS22,vRG
CGAGCCAGTCCTCTTG-1,G2M,CS22,vRG
CGAGCCAGTGTGAATA-1,G1,CS22,MatExc
CGATCGGAGGTGATAT-1,G1,CS22,MatExc
CGATCGGCATGCTAGT-1,G2M,CS22,vRG
CGATCGGGTCATCCCT-1,G2M,CS22,IP
CGATGGCAGATCTGCT-1,G2M,CS22,vRG
CGATGGCGTGCCTGGT-1,G1,CS22,vRG
CGATGGCGTTGAACTC-1,G1,CS22,MatExc
CGATGGCGTTTAAGCC-1,S,CS22,vRG
CGATGGCTCGTCCAGG-1,G1,CS22,MatExc
CGATGTAAGCTACCGC-1,G1,CS22,vRG
CGATGTAAGGACACCA-1,G1,CS22,MatExc
CGATGTAGTATGAAAC-1,G1,CS22,MatExc
CGATGTATCCACGTTC-1,G2M,CS22,vRG
CGATGTATCCCTGACT-1,G1,CS22,vRG
CGATTGACACTCAGGC-1,G2M,CS22,vRG
CGATTGAGTCACCTAA-1,G1,CS22,vRG
CGATTGAGTCCTCTTG-1,G1,CS22,MatExc
CGCCAAGAGACAGACC-1,G2M,CS22,vRG
CGCCAAGCATTCCTCG-1,G1,CS22,vRG
CGCCAAGGTTCGTGAT-1,G1,CS22,vRG
CGCCAAGTCGTTACGA-1,G2M,CS22,vRG
CGCGGTAAGCCGGTAA-1,G2M,CS22,MatExc
CGCGGTACAATCCGAT-1,G2M,CS22,vRG
CGCGGTACACATCTTT-1,S,CS22,vRG
CGCGGTATCCCTTGTG-1,G1,CS22,MatExc
CGCGTTTAGCTATGCT-1,G2M,CS22,vRG
CGCGTTTTCCCTTGCA-1,G2M,CS22,vRG
CGCTATCAGCATGGCA-1,G2M,CS22,vRG
CGCTATCAGTAGGCCA-1,S,CS22,oRG
CGCTATCGTGACTACT-1,G1,CS22,MatExc
CGCTATCTCTTAACCT-1,G1,CS22,MatExc
CGCTGGAAGGCGACAT-1,G1,CS22,MatExc
CGCTGGAAGGTGCACA-1,S,CS22,oRG
CGCTGGACAATGTTGC-1,G2M,CS22,vRG
CGCTGGAGTCTTCAAG-1,G1,CS22,MatExc
CGCTGGATCCGTCAAA-1,G1,CS22,vRG
CGCTGGATCTAGCACA-1,G2M,CS22,vRG
CGGACACCAGATTGCT-1,G1,CS22,MatExc
CGGACGTAGATGTTAG-1,S,CS22,oRG
CGGACGTAGTAACCCT-1,G2M,CS22,vRG
CGGACGTAGTGTTAGA-1,G1,CS22,MatExc
CGGACGTGTAAGAGGA-1,G1,CS22,vRG
CGGACGTGTCGGCTCA-1,S,CS22,oRG
CGGACGTTCAACACAC-1,S,CS22,vRG
CGGACGTTCCCGACTT-1,S,CS22,vRG
CGGACTGAGCGAGAAA-1,G1,CS22,MatExc
CGGACTGAGGTGATAT-1,G2M,CS22,vRG
CGGACTGAGTACGCGA-1,G2M,CS22,vRG
CGGACTGGTACGAAAT-1,G2M,CS22,MatExc
CGGACTGGTAGCGTCC-1,G2M,CS22,vRG
CGGACTGGTGGGTATG-1,G1,CS22,vRG
CGGACTGGTGGTTTCA-1,S,CS22,IP
CGGACTGTCAAGGCTT-1,G1,CS22,vRG
CGGAGCTCATCGGACC-1,G2M,CS22,vRG
CGGAGCTGTACTTAGC-1,G2M,CS22,vRG
CGGAGCTTCTGAGGGA-1,G2M,CS22,vRG
CGGAGTCAGTATTGGA-1,G1,CS22,MatExc
CGGAGTCGTACGCTGC-1,S,CS22,IP
CGGAGTCTCAATCTCT-1,G1,CS22,vRG
CGGCTAGAGCCGTCGT-1,G1,CS22,vRG
CGGCTAGAGTACGACG-1,G1,CS22,MatExc
CGGCTAGCACATGACT-1,G1,CS22,MatExc
CGGCTAGGTTCGTTGA-1,G1,CS22,oRG
CGGCTAGTCAGCGATT-1,S,CS22,oRG
CGGCTAGTCGGAAATA-1,G2M,CS22,vRG
CGGCTAGTCTCCCTGA-1,G2M,CS22,vRG
CGGGTCAAGATGCGAC-1,G1,CS22,MatExc
CGGGTCAAGCCAGTTT-1,G1,CS22,MatExc
CGGGTCAAGGGTCGAT-1,G1,CS22,vRG
CGGGTCACATCACAAC-1,G1,CS22,MatExc
CGGGTCAGTTGTGGAG-1,G2M,CS22,vRG
CGGGTCATCAGAGACG-1,S,CS22,vRG
CGGTTAAAGGGATGGG-1,S,CS22,oRG
CGGTTAACACAGGTTT-1,G1,CS22,vRG
CGGTTAACACATTCGA-1,S,CS22,oRG
CGGTTAAGTGATAAAC-1,G1,CS22,vRG
CGTAGCGGTGGCTCCA-1,G2M,CS22,vRG
CGTAGCGGTGGGTATG-1,G2M,CS22,vRG
CGTAGCGGTGTGCGTC-1,G2M,CS22,vRG
CGTAGCGTCACGCGGT-1,S,CS22,vRG
CGTAGCGTCCTTAATC-1,G1,CS22,MatExc
CGTAGGCAGGCTCATT-1,G1,CS22,vRG
CGTAGGCTCAGCAACT-1,S,CS22,vRG
CGTAGGCTCCACGCAG-1,G1,CS22,MatExc
CGTCACTAGAACTGTA-1,G2M,CS22,vRG
CGTCACTAGACGCAAC-1,G1,CS22,vRG
CGTCACTCAGGATTGG-1,G2M,CS22,vRG
CGTCACTCAGTGAGTG-1,G1,CS22,vRG
CGTCACTTCAGTTTGG-1,G2M,CS22,vRG
CGTCACTTCTCTAGGA-1,G1,CS22,MatExc
CGTCACTTCTGCTTGC-1,G1,CS22,vRG
CGTCAGGAGCGTAGTG-1,G1,CS22,MatExc
CGTCAGGAGTCTCCTC-1,S,CS22,oRG
CGTCAGGCAACTTGAC-1,G1,CS22,vRG
CGTCAGGGTCGTCTTC-1,G1,CS22,MatExc
CGTCAGGTCGGATGTT-1,G1,CS22,MatExc
CGTCCATTCCGCAAGC-1,G2M,CS22,vRG
CGTCTACCATTACGAC-1,G1,CS22,vRG
CGTCTACGTAGTACCT-1,S,CS22,oRG
CGTCTACTCATGCTCC-1,G2M,CS22,vRG
CGTGAGCCAACTGGCC-1,G1,CS22,MatExc
CGTGAGCCAAGCGAGT-1,S,CS22,vRG
CGTGAGCCAGCCACCA-1,G2M,CS22,vRG
CGTGAGCCATCTATGG-1,G1,CS22,MatExc
CGTGAGCGTTACCGAT-1,G2M,CS22,vRG
CGTGAGCTCATATCGG-1,G1,CS22,vRG
CGTGAGCTCCCGACTT-1,G1,CS22,vRG
CGTGTAAAGAATAGGG-1,G1,CS22,vRG
CGTGTAAAGCACACAG-1,G1,CS22,MatExc
CGTGTAACATCAGTAC-1,G1,CS22,MatExc
CGTGTAAGTTACGTCA-1,G1,CS22,vRG
CGTGTAAGTTCGCTAA-1,G2M,CS22,oRG
CGTGTAATCCCTAACC-1,G2M,CS22,vRG
CGTGTAATCGCTTGTC-1,G1,CS22,MatExc
CGTGTCTAGAGTGACC-1,G1,CS22,MatExc
CGTGTCTCAGCTGTGC-1,G1,CS22,MatExc
CGTGTCTTCACGCATA-1,G1,CS22,vRG
CGTGTCTTCATTATCC-1,G2M,CS22,IP
CGTGTCTTCGTCGTTC-1,G1,CS22,MatExc
CGTTAGACATGGGACA-1,G1,CS22,vRG
CGTTAGAGTCACACGC-1,G1,CS22,MatExc
CGTTAGAGTCTGATTG-1,G1,CS22,vRG
CGTTAGATCACTTACT-1,G1,CS22,oRG
CGTTAGATCGGTCTAA-1,G1,CS22,vRG
CGTTCTGCACCGTTGG-1,G1,CS22,MatExc
CGTTCTGCAGCCAGAA-1,G2M,CS22,vRG
CGTTCTGCAGCGTTCG-1,G1,CS22,MatExc
CGTTCTGGTAAATACG-1,G1,CS22,vRG
CGTTCTGTCCACGTGG-1,S,CS22,oRG
CGTTGGGAGCGTTCCG-1,S,CS22,IP
CGTTGGGAGTGTTTGC-1,S,CS22,oRG
CGTTGGGGTAAACCTC-1,S,CS22,vRG
CGTTGGGGTTTACTCT-1,G2M,CS22,vRG
CGTTGGGGTTTGACAC-1,G2M,CS22,vRG
CGTTGGGTCTGGCGAC-1,G1,CS22,vRG
CTAACTTAGCTAGTGG-1,G1,CS22,MatExc
CTAACTTAGGCATGGT-1,G1,CS22,MatExc
CTAACTTGTGCCTGCA-1,G1,CS22,vRG
CTAAGACAGTTTCCTT-1,S,CS22,oRG
CTAAGACCAAGTCATC-1,G1,CS22,vRG
CTAAGACCAATTGCTG-1,G2M,CS22,vRG
CTAAGACCAGGTCGTC-1,S,CS22,oRG
CTAAGACGTAGGCTGA-1,G1,CS22,vRG
CTAAGACTCAGTTAGC-1,G1,CS22,vRG
CTAATGGAGATCCGAG-1,G2M,CS22,vRG
CTAATGGGTCTTCAAG-1,G1,CS22,MatExc
CTACACCAGTCGATAA-1,G1,CS22,MatExc
CTACACCAGTTGTCGT-1,G1,CS22,MatExc
CTACACCGTAAGAGGA-1,G1,CS22,vRG
CTACACCGTCAAAGAT-1,G1,CS22,vRG
CTACACCTCCCTTGCA-1,G2M,CS22,vRG
CTACATTAGGTCGGAT-1,G1,CS22,vRG
CTACATTTCACTCCTG-1,G1,CS22,vRG
CTACCCAAGATGTCGG-1,G1,CS22,MatExc
CTACCCACAGTATGCT-1,G1,CS22,MatExc
CTACCCATCCTTCAAT-1,G1,CS22,vRG
CTACGTCAGAGTTGGC-1,G2M,CS22,vRG
CTACGTCAGGCTCAGA-1,G1,CS22,MatExc
CTACGTCAGTACATGA-1,G1,CS22,vRG
CTACGTCCAGTTTACG-1,G1,CS22,vRG
CTACGTCGTCGTCTTC-1,G1,CS22,MatExc
CTACGTCTCAGCGACC-1,G2M,CS22,vRG
CTAGAGTAGTCCCACG-1,G1,CS22,MatExc
CTAGAGTAGTCTCCTC-1,G2M,CS22,vRG
CTAGAGTGTAGAGGAA-1,G1,CS22,MatExc
CTAGCCTAGCGATTCT-1,G1,CS22,vRG
CTAGCCTCAAACAACA-1,G1,CS22,vRG
CTAGTGACAACGATGG-1,G1,CS22,vRG
CTAGTGACACGCTTTC-1,G1,CS22,MatExc
CTAGTGACATGTCCTC-1,G1,CS22,MatExc
CTCACACCATGGGACA-1,G1,CS22,oRG
CTCACACCATTGTGCA-1,G1,CS22,oRG
CTCACACGTACCCAAT-1,G2M,CS22,vRG
CTCACACGTAGAAGGA-1,G1,CS22,vRG
CTCACACGTGACAAAT-1,S,CS22,vRG
CTCACACGTGGCTCCA-1,G1,CS22,MatExc
CTCACACGTGGTCCGT-1,S,CS22,vRG
CTCACACTCATCGATG-1,G1,CS22,vRG
CTCAGAACAACAACCT-1,G1,CS22,MatExc
CTCAGAACAGGCTGAA-1,G1,CS22,MatExc
CTCAGAACAGGTGCCT-1,G2M,CS22,vRG
CTCAGAACATCAGTAC-1,G1,CS22,MatExc
CTCAGAATCAGGTAAA-1,G2M,CS22,vRG
CTCATTAAGGATTCGG-1,G1,CS22,vRG
CTCATTAAGTAGTGCG-1,G2M,CS22,MatExc
CTCATTACAACTGCGC-1,G2M,CS22,vRG
CTCATTACAGATGGGT-1,G1,CS22,oRG
CTCATTAGTACTTGAC-1,G2M,CS22,vRG
CTCATTATCTGAAAGA-1,G1,CS22,MatExc
CTCATTATCTGGCGAC-1,G2M,CS22,vRG
CTCCTAGAGAAGGCCT-1,S,CS22,IP
CTCCTAGCAACTTGAC-1,S,CS22,IP
CTCCTAGGTCAAAGAT-1,G2M,CS22,vRG
CTCCTAGTCTGTCCGT-1,G1,CS22,MatExc
CTCGAAAAGAGCTATA-1,G1,CS22,vRG
CTCGAAAAGCCGTCGT-1,G1,CS22,MatExc
CTCGAAAAGTTGCAGG-1,G2M,CS22,vRG
CTCGAAAGTGCAGTAG-1,G2M,CS22,IP
CTCGAAATCAAGAAGT-1,G1,CS22,MatExc
CTCGAAATCACCACCT-1,G2M,CS22,oRG
CTCGAAATCGATAGAA-1,G2M,CS22,vRG
CTCGAAATCTGCGACG-1,G2M,CS22,vRG
CTCGAGGAGTCCCACG-1,S,CS22,oRG
CTCGAGGGTGCTAGCC-1,G1,CS22,MatExc
CTCGAGGTCTCTGCTG-1,G2M,CS22,vRG
CTCGAGGTCTGCAAGT-1,G1,CS22,vRG
CTCGGAGGTATCGCAT-1,S,CS22,oRG
CTCGGAGTCCTTTCGG-1,G1,CS22,MatExc
CTCGGAGTCGTGACAT-1,S,CS22,oRG
CTCGGGAAGAGGTTAT-1,G1,CS22,vRG
CTCGGGACAAGGACAC-1,G1,CS22,vRG
CTCGTACAGCACCGCT-1,G1,CS22,MatExc
CTCGTACCATATACGC-1,S,CS22,oRG
CTCGTACTCCTTGACC-1,G1,CS22,vRG
CTCGTCAAGTGTGGCA-1,S,CS22,oRG
CTCGTCACACTCGACG-1,G1,CS22,MatExc
CTCTAATAGAGCTGGT-1,G2M,CS22,vRG
CTCTAATCACGTTGGC-1,G1,CS22,vRG
CTCTAATCATGGATGG-1,G2M,CS22,vRG
CTCTAATGTCAAACTC-1,G1,CS22,vRG
CTCTACGAGAGTTGGC-1,G1,CS22,oRG
CTCTACGCAGCCTTGG-1,G1,CS22,oRG
CTCTACGCATCCCACT-1,G2M,CS22,IP
CTCTACGTCACCTTAT-1,S,CS22,oRG
CTCTGGTCAACACGCC-1,S,CS22,oRG
CTCTGGTGTAGCGATG-1,G1,CS22,MatExc
CTCTGGTGTCATGCCG-1,G1,CS22,oRG
CTCTGGTTCTTGCCGT-1,G1,CS22,vRG
CTGAAACAGTGTGAAT-1,S,CS22,oRG
CTGAAACTCGTTACGA-1,G2M,CS22,vRG
CTGAAACTCTAACTTC-1,G1,CS22,MatExc
CTGAAACTCTGCTGTC-1,G1,CS22,vRG
CTGAAGTCAGGTGGAT-1,G1,CS22,oRG
CTGAAGTCATCCTTGC-1,G1,CS22,MatExc
CTGAAGTCATGGATGG-1,G1,CS22,MatExc
CTGAAGTGTCCGTTAA-1,G2M,CS22,vRG
CTGAAGTGTTTAAGCC-1,G2M,CS22,vRG
CTGATAGAGTTGTAGA-1,G1,CS22,vRG
CTGATAGGTCAGAAGC-1,G2M,CS22,vRG
CTGATAGTCGGAGGTA-1,G1,CS22,MatExc
CTGATCCAGCCCAGCT-1,G2M,CS22,vRG
CTGATCCAGTATGACA-1,G1,CS22,MatExc
CTGATCCGTCCGAACC-1,G2M,CS22,vRG
CTGCCTAAGACGCAAC-1,G1,CS22,vRG
CTGCCTAAGCTCCCAG-1,S,CS22,oRG
CTGCCTACAGGGTTAG-1,G1,CS22,MatExc
CTGCCTAGTCGGATCC-1,G2M,CS22,vRG
CTGCCTAGTGTGGCTC-1,G1,CS22,vRG
CTGCCTATCTTCCTTC-1,G2M,CS22,vRG
CTGCGGAAGACCTAGG-1,G1,CS22,vRG
CTGCGGAGTCTAACGT-1,G1,CS22,MatExc
CTGCGGAGTCTAGTCA-1,G1,CS22,vRG
CTGCGGAGTTCACCTC-1,G1,CS22,vRG
CTGCTGTCAGCGTTCG-1,S,CS22,vRG
CTGCTGTCAGTCTTCC-1,G2M,CS22,vRG
CTGGTCTAGATCCGAG-1,G1,CS22,vRG
CTGGTCTAGGTTCCTA-1,G1,CS22,vRG
CTGGTCTGTCATATGC-1,G1,CS22,vRG
CTGGTCTGTCTCCCTA-1,G2M,CS22,vRG
CTGGTCTTCGCCATAA-1,S,CS22,oRG
CTGGTCTTCTGAGGGA-1,G1,CS22,vRG
CTGTTTACAGACAAAT-1,S,CS22,oRG
CTTAACTCAGACAAAT-1,G1,CS22,MatExc
CTTAACTCAGACTCGC-1,G1,CS22,oRG
CTTAACTTCAACCAAC-1,S,CS22,IP
CTTACCGAGATCCCAT-1,G1,CS22,MatExc
CTTACCGAGCTAAGAT-1,G2M,CS22,vRG
CTTACCGAGTGAAGAG-1,S,CS22,vRG
CTTACCGCACAGTCGC-1,G1,CS22,vRG
CTTACCGCAGCTCGCA-1,G1,CS22,vRG
CTTACCGCAGCTTCGG-1,G1,CS22,vRG
CTTACCGTCACCAGGC-1,G1,CS22,vRG
CTTACCGTCAGTTTGG-1,G1,CS22,vRG
CTTAGGAGTAACGTTC-1,S,CS22,vRG
CTTAGGATCAGTCCCT-1,G2M,CS22,vRG
CTTCTCTAGCATCATC-1,G1,CS22,MatExc
CTTCTCTAGGGCTTCC-1,S,CS22,vRG
CTTCTCTCAATCGAAA-1,G1,CS22,vRG
CTTCTCTCATGCCTAA-1,G1,CS22,MatExc
CTTCTCTCATTAACCG-1,G1,CS22,MatExc
CTTCTCTGTATCAGTC-1,G1,CS22,vRG
CTTCTCTGTGTCAATC-1,G1,CS22,MatExc
CTTGGCTAGCTACCGC-1,G2M,CS22,vRG
CTTGGCTCAAGCCATT-1,G1,CS22,MatExc
CTTGGCTGTGAGGGAG-1,G1,CS22,vRG
CTTTGCGAGAGTGACC-1,G2M,CS22,vRG
CTTTGCGAGGGCTTGA-1,G1,CS22,MatExc
CTTTGCGAGTTCGATC-1,G1,CS22,MatExc
CTTTGCGTCAAAGTAG-1,G2M,CS22,vRG
CTTTGCGTCAGATAAG-1,G1,CS22,vRG
CTTTGCGTCTGTCAAG-1,G2M,CS22,vRG
GAAACTCCACAAGACG-1,G2M,CS22,vRG
GAAACTCCACAGACAG-1,G1,CS22,MatExc
GAAACTCGTCCGAGTC-1,G1,CS22,vRG
GAAACTCGTGAAGGCT-1,G1,CS22,vRG
GAAACTCGTTCCAACA-1,G2M,CS22,vRG
GAAACTCTCCTTTACA-1,S,CS22,vRG
GAAATGAAGGCTAGGT-1,G1,CS22,vRG
GAAATGAAGTCTCAAC-1,G1,CS22,MatExc
GAAATGAGTGGACGAT-1,G1,CS22,vRG
GAAATGATCAACACGT-1,G1,CS22,vRG
GAAATGATCGCGCCAA-1,S,CS22,oRG
GAACATCAGATGGGTC-1,S,CS22,vRG
GAACATCCATGAAGTA-1,G1,CS22,vRG
GAACATCTCTCTAGGA-1,G1,CS22,vRG
GAACATCTCTTAACCT-1,G2M,CS22,vRG
GAACCTAGTACATGTC-1,G1,CS22,MatExc
GAACCTAGTCACTGGC-1,G1,CS22,vRG
GAACCTATCCATTCTA-1,G2M,CS22,vRG
GAACCTATCTAACCGA-1,S,CS22,oRG
GAACGGAAGATGCCTT-1,G1,CS22,MatExc
GAAGCAGAGCACCGTC-1,G1,CS22,vRG
GAAGCAGGTATCAGTC-1,G1,CS22,MatExc
GAAGCAGGTCAAGCGA-1,G1,CS22,MatExc
GAAGCAGTCAAACGGG-1,G1,CS22,MatExc
GAAGCAGTCGGTGTCG-1,G2M,CS22,vRG
GAATAAGAGCAGCGTA-1,G1,CS22,MatExc
GAATAAGCAAGGTTTC-1,S,CS22,oRG
GAATAAGCAGCTGCAC-1,S,CS22,vRG
GAATAAGCATGCGCAC-1,G1,CS22,vRG
GAATAAGGTGCCTGTG-1,G2M,CS22,IP
GAATAAGTCGCTAGCG-1,G1,CS22,vRG
GAATGAAGTACCGTTA-1,G2M,CS22,vRG
GAATGAAGTTGATTGC-1,S,CS22,oRG
GACACGCCACAACTGT-1,S,CS22,oRG
GACACGCGTCTCATCC-1,G1,CS22,MatExc
GACACGCTCAAGGTAA-1,S,CS22,vRG
GACACGCTCAGGTTCA-1,G1,CS22,vRG
GACAGAGCACTGTTAG-1,G1,CS22,vRG
GACAGAGGTGACGCCT-1,G1,CS22,vRG
GACAGAGGTTACGCGC-1,G2M,CS22,vRG
GACAGAGTCTGATACG-1,G1,CS22,MatExc
GACCAATAGAGTTGGC-1,G1,CS22,MatExc
GACCAATCAAACAACA-1,G1,CS22,MatExc
GACCAATCAATGTTGC-1,G2M,CS22,vRG
GACCAATCATGCTAGT-1,G1,CS22,vRG
GACCAATCATTCCTCG-1,S,CS22,oRG
GACCAATGTGATGTGG-1,G1,CS22,MatExc
GACCAATTCGTCTGAA-1,G1,CS22,vRG
GACCTGGCAAAGGAAG-1,G2M,CS22,IP
GACCTGGCAAATCCGT-1,S,CS22,oRG
GACCTGGCACCAGTTA-1,G1,CS22,oRG
GACCTGGTCCACGTGG-1,G1,CS22,MatExc
GACCTGGTCCAGAAGG-1,G1,CS22,MatExc
GACGCGTAGTGGGCTA-1,G1,CS22,MatExc
GACGGCTCAAGGACAC-1,G2M,CS22,vRG
GACGGCTGTACACCGC-1,G1,CS22,MatExc
GACGGCTGTAGTACCT-1,S,CS22,vRG
GACGGCTGTGTTTGGT-1,G2M,CS22,vRG
GACGTGCAGCTAGTTC-1,G1,CS22,vRG
GACGTTATCACCAGGC-1,G1,CS22,MatExc
GACGTTATCCGCATAA-1,G2M,CS22,vRG
GACGTTATCCTCCTAG-1,G1,CS22,vRG
GACTAACCACCATCCT-1,G1,CS22,MatExc
GACTAACCACCTCGGA-1,G1,CS22,MatExc
GACTAACGTAGTACCT-1,S,CS22,oRG
GACTAACGTGATGCCC-1,G1,CS22,MatExc
GACTAACTCTGAAAGA-1,S,CS22,oRG
GACTACAAGTTCGCAT-1,G1,CS22,vRG
GACTACATCAGTACGT-1,S,CS22,oRG
GACTACATCCAAGTAC-1,G1,CS22,IP
GACTGCGAGATGCCTT-1,G2M,CS22,vRG
GACTGCGAGGCCCTCA-1,S,CS22,oRG
GACTGCGGTTTGGCGC-1,G1,CS22,oRG
GACTGCGTCAACACGT-1,G1,CS22,vRG
GACTGCGTCATCGATG-1,S,CS22,oRG
GACTGCGTCGCATGGC-1,G1,CS22,vRG
GACTGCGTCTGTTTGT-1,G1,CS22,MatExc
GAGCAGAGTTGTGGCC-1,G2M,CS22,vRG
GAGCAGATCGCCAAAT-1,G2M,CS22,vRG
GAGCAGATCTACTATC-1,S,CS22,vRG
GAGGTGAAGAGGTTAT-1,G1,CS22,vRG
GAGGTGAAGGTGATTA-1,G2M,CS22,vRG
GAGGTGACAAGTTAAG-1,G1,CS22,MatExc
GAGGTGACACATTAGC-1,G1,CS22,MatExc
GAGGTGACATGAGCGA-1,G2M,CS22,vRG
GAGGTGAGTCGAACAG-1,G1,CS22,MatExc
GAGGTGATCGAATGGG-1,G1,CS22,MatExc
GAGTCCGAGTACCGGA-1,G2M,CS22,vRG
GAGTCCGCAGGATCGA-1,G1,CS22,MatExc
GATCAGTCATAAAGGT-1,G2M,CS22,vRG
GATCAGTCATACAGCT-1,S,CS22,oRG
GATCAGTCATTGGCGC-1,G2M,CS22,vRG
GATCGATCAAGCTGGA-1,G2M,CS22,vRG
GATCGATCAAGTTGTC-1,G1,CS22,MatExc
GATCGATGTTCAGCGC-1,G1,CS22,vRG
GATCGATTCCATGCTC-1,G2M,CS22,vRG
GATCGCGAGCAACGGT-1,G1,CS22,MatExc
GATCGTAAGGATGGAA-1,G1,CS22,MatExc
GATCGTACACCGTTGG-1,G1,CS22,vRG
GATCGTAGTCGCGGTT-1,G1,CS22,vRG
GATCTAGCAGACAAAT-1,G2M,CS22,IP
GATCTAGGTGCTCTTC-1,G2M,CS22,vRG
GATCTAGTCGCACTCT-1,S,CS22,vRG
GATGAAAAGACTAGAT-1,G2M,CS22,vRG
GATGAAACAGGTGCCT-1,S,CS22,vRG
GATGAAAGTAATCGTC-1,G1,CS22,vRG
GATGAAATCCCATTAT-1,G1,CS22,MatExc
GATGAAATCTGGTGTA-1,G1,CS22,MatExc
GATGAGGAGCCACGTC-1,G1,CS22,vRG
GATGAGGCAAGGACAC-1,G1,CS22,MatExc
GATGAGGCAGGGTTAG-1,G2M,CS22,vRG
GATGAGGTCCAAAGTC-1,G2M,CS22,oRG
GATGCTAAGTCCATAC-1,S,CS22,vRG
GATTCAGAGCGAAGGG-1,G2M,CS22,vRG
GATTCAGAGGGTTCCC-1,G1,CS22,vRG
GATTCAGCACGCGAAA-1,G1,CS22,MatExc
GCAAACTAGCTGGAAC-1,G1,CS22,MatExc
GCAAACTAGTAAGTAC-1,G1,CS22,MatExc
GCAAACTGTACCGCTG-1,G2M,CS22,vRG
GCAAACTGTTTCGCTC-1,G2M,CS22,vRG
GCAAACTTCCGTTGTC-1,G1,CS22,MatExc
GCAATCAAGCCAGAAC-1,G2M,CS22,vRG
GCAATCACAACGATGG-1,G1,CS22,vRG
GCAATCACAGCTTAAC-1,G2M,CS22,vRG
GCAATCAGTCAACTGT-1,S,CS22,oRG
GCACATAAGAAACCTA-1,G1,CS22,MatExc
GCACATAAGCTGCGAA-1,G1,CS22,MatExc
GCACATACAAGGTGTG-1,G1,CS22,MatExc
GCACATACATACTCTT-1,G1,CS22,MatExc
GCACATAGTCATATCG-1,S,CS22,vRG
GCACATATCACAACGT-1,G1,CS22,MatExc
GCACATATCCCTGACT-1,G2M,CS22,vRG
GCACATATCCGTAGGC-1,S,CS22,vRG
GCACATATCTCAAACG-1,S,CS22,oRG
GCACTCTAGATCCGAG-1,G2M,CS22,vRG
GCACTCTCAACACGCC-1,G2M,CS22,vRG
GCACTCTCAAGCCGCT-1,G2M,CS22,vRG
GCACTCTGTCTCCCTA-1,G1,CS22,oRG
GCAGCCAAGCGATGAC-1,G1,CS22,MatExc
GCAGCCAAGGTGACCA-1,G2M,CS22,vRG
GCAGCCACAAATTGCC-1,G1,CS22,MatExc
GCAGCCACACAAGCCC-1,G2M,CS22,vRG
GCAGCCACAGCTGTGC-1,G1,CS22,vRG
GCAGCCAGTGTAATGA-1,S,CS22,vRG
GCAGTTAAGGTGATAT-1,G2M,CS22,vRG
GCATACAAGTAGGTGC-1,S,CS22,oRG
GCATACACACCAGGTC-1,G1,CS22,MatExc
GCATACACAGCTGTAT-1,G1,CS22,MatExc
GCATACACATGAGCGA-1,G1,CS22,vRG
GCATGATAGAAGGTGA-1,G1,CS22,MatExc
GCATGATAGTTGTCGT-1,G1,CS22,MatExc
GCATGATCAAAGCGGT-1,S,CS22,vRG
GCATGATGTAGGGTAC-1,G1,CS22,vRG
GCATGATGTTCCCTTG-1,G2M,CS22,vRG
GCATGATTCTAAGCCA-1,G1,CS22,MatExc
GCATGCGAGATGTTAG-1,G1,CS22,vRG
GCATGCGCATCGGTTA-1,S,CS22,oRG
GCATGCGCATTGTGCA-1,G1,CS22,MatExc
GCATGCGTCTGTGCAA-1,S,CS22,vRG
GCATGTAAGCTCTCGG-1,S,CS22,vRG
GCATGTAGTTCGCTAA-1,S,CS22,IP
GCCAAATAGTTACCCA-1,G1,CS22,MatExc
GCCAAATCAAGGACAC-1,G1,CS22,MatExc
GCCAAATTCAAACAAG-1,G1,CS22,MatExc
GCCTCTAAGATGCGAC-1,G2M,CS22,vRG
GCCTCTACACAACTGT-1,S,CS22,IP
GCGACCAAGATGCCTT-1,G2M,CS22,vRG
GCGACCACAAAGGTGC-1,G1,CS22,MatExc
GCGACCACAACGATCT-1,G1,CS22,vRG
GCGACCACAATACGCT-1,G1,CS22,MatExc
GCGACCATCATCTGCC-1,G1,CS22,MatExc
GCGAGAATCATAAAGG-1,G2M,CS22,vRG
GCGAGAATCTCAACTT-1,G1,CS22,vRG
GCGCAACAGAGTAATC-1,G2M,CS22,vRG
GCGCAACCACCAGATT-1,S,CS22,oRG
GCGCAGTAGACGCACA-1,G1,CS22,oRG
GCGCAGTCAAGCGCTC-1,G2M,CS22,vRG
GCGCAGTCACGTGAGA-1,G1,CS22,MatExc
GCGCAGTGTTTGACAC-1,G2M,CS22,vRG
GCGCAGTTCGACAGCC-1,G1,CS22,vRG
GCGCCAAGTCCCTACT-1,G2M,CS22,vRG
GCGCCAAGTCGGGTCT-1,G2M,CS22,vRG
GCGCCAAGTGTAATGA-1,G2M,CS22,vRG
GCGCCAAGTTGCTCCT-1,G1,CS22,MatExc
GCGCCAATCCAAGTAC-1,G1,CS22,vRG
GCGCGATCAAATTGCC-1,G2M,CS22,vRG
GCGCGATCAGGACGTA-1,G1,CS22,MatExc
GCGCGATGTCTAACGT-1,G1,CS22,vRG
GCGGGTTGTAAGTAGT-1,S,CS22,vRG
GCTCCTAAGAAAGTGG-1,G1,CS22,vRG
GCTCCTAAGGACTGGT-1,G1,CS22,MatExc
GCTCCTACAACGATCT-1,G2M,CS22,vRG
GCTCCTACATTATCTC-1,G1,CS22,vRG
GCTCCTAGTTCATGGT-1,S,CS22,vRG
GCTCTGTAGCCCAACC-1,G1,CS22,MatExc
GCTCTGTGTATAATGG-1,G1,CS22,MatExc
GCTGCAGAGAGCTGCA-1,G1,CS22,vRG
GCTGCAGAGAGGTAGA-1,G1,CS22,MatExc
GCTGCAGAGGGCTCTC-1,G2M,CS22,vRG
GCTGCAGCAAACGTGG-1,G1,CS22,MatExc
GCTGCTTAGTGGAGTC-1,G1,CS22,vRG
GCTGCTTCAGTCAGAG-1,G2M,CS22,vRG
GCTGCTTGTCGTGGCT-1,S,CS22,vRG
GCTGCTTTCTGGCGAC-1,G2M,CS22,vRG
GCTGCTTTCTGGGCCA-1,G2M,CS22,IP
GCTGGGTAGACCTTTG-1,G2M,CS22,vRG
GCTGGGTAGACTTTCG-1,G1,CS22,vRG
GCTGGGTCAAGCGATG-1,G1,CS22,MatExc
GCTTCCAAGATCTGAA-1,G2M,CS22,vRG
GCTTCCAAGGAGCGAG-1,G1,CS22,MatExc
GCTTCCACAATGTTGC-1,G1,CS22,MatExc
GCTTCCACACGTAAGG-1,G1,CS22,vRG
GCTTCCACAGGGTATG-1,S,CS22,oRG
GCTTCCAGTACCGTTA-1,G1,CS22,vRG
GCTTGAAAGTATTGGA-1,S,CS22,oRG
GCTTGAAAGTTTGCGT-1,G2M,CS22,vRG
GCTTGAACAGCTGCTG-1,G1,CS22,MatExc
GCTTGAAGTGAGGGAG-1,G1,CS22,MatExc
GCTTGAATCACTCTTA-1,G1,CS22,MatExc
GGAAAGCAGCAGCCTC-1,G1,CS22,oRG
GGAAAGCAGTGTTGAA-1,G1,CS22,vRG
GGAAAGCCACCCATTC-1,G1,CS22,vRG
GGAAAGCCATGACATC-1,G2M,CS22,oRG
GGAACTTAGTGGAGAA-1,G1,CS22,vRG
GGAACTTCATAGACTC-1,G1,CS22,vRG
GGAACTTCATGTAGTC-1,G1,CS22,oRG
GGAACTTTCCGCAGTG-1,G1,CS22,vRG
GGAATAAAGCAGGCTA-1,G1,CS22,MatExc
GGAATAAAGTCAATAG-1,G1,CS22,vRG
GGAATAACACGTTGGC-1,S,CS22,vRG
GGAATAAGTGGTTTCA-1,G1,CS22,vRG
GGAATAAGTTAAGACA-1,G2M,CS22,vRG
GGACAAGAGAGTTGGC-1,G1,CS22,IP
GGACAAGAGATCACGG-1,S,CS22,vRG
GGACAAGCAGGACGTA-1,G1,CS22,MatExc
GGACAAGTCCAAACTG-1,G2M,CS22,vRG
GGACAGACACCAACCG-1,G1,CS22,vRG
GGACAGATCACCGTAA-1,G1,CS22,MatExc
GGACAGATCATAACCG-1,G1,CS22,vRG
GGACATTCATCATCCC-1,G2M,CS22,vRG
GGACATTGTACATGTC-1,G2M,CS22,IP
GGACATTGTCCGTCAG-1,G1,CS22,MatExc
GGACGTCAGGAGTCTG-1,S,CS22,vRG
GGACGTCCAAGAGGCT-1,G1,CS22,oRG
GGACGTCCATCCCATC-1,G1,CS22,vRG
GGACGTCGTCGCATAT-1,G2M,CS22,vRG
GGACGTCGTTACGGAG-1,G1,CS22,vRG
GGACGTCGTTGTCGCG-1,G1,CS22,MatExc
GGAGCAAAGATGTAAC-1,G1,CS22,oRG
GGAGCAAAGCTCCTTC-1,G1,CS22,vRG
GGAGCAAAGGAGTTTA-1,G2M,CS22,vRG
GGAGCAACAGATAATG-1,G1,CS22,MatExc
GGAGCAAGTAGTAGTA-1,G2M,CS22,vRG
GGATGTTAGCCAGAAC-1,G2M,CS22,vRG
GGATGTTCAACACGCC-1,G1,CS22,MatExc
GGATGTTCACAGCCCA-1,G1,CS22,vRG
GGATGTTGTACGACCC-1,G1,CS22,MatExc
GGATGTTGTCTCTCTG-1,G1,CS22,vRG
GGATGTTTCCAAGTAC-1,G2M,CS22,vRG
GGATGTTTCGGTGTCG-1,G1,CS22,MatExc
GGATGTTTCTTCGAGA-1,G1,CS22,oRG
GGATTACAGATAGGAG-1,G1,CS22,vRG
GGATTACCAACGATGG-1,G1,CS22,oRG
GGATTACCATCACGAT-1,G2M,CS22,vRG
GGATTACTCAGATAAG-1,G2M,CS22,vRG
GGATTACTCATAACCG-1,G1,CS22,MatExc
GGCAATTAGAAACGCC-1,G1,CS22,vRG
GGCAATTAGTCGCCGT-1,G1,CS22,vRG
GGCAATTCAAGTCTAC-1,G1,CS22,MatExc
GGCAATTCAATGACCT-1,G1,CS22,vRG
GGCAATTCAGAAGCAC-1,G1,CS22,MatExc
GGCAATTGTACAAGTA-1,G1,CS22,vRG
GGCAATTTCCACGCAG-1,G1,CS22,vRG
GGCAATTTCGCGGATC-1,G1,CS22,MatExc
GGCCGATAGTGCCAGA-1,G1,CS22,vRG
GGCCGATCAGGGATTG-1,S,CS22,vRG
GGCCGATGTTACTGAC-1,G2M,CS22,vRG
GGCCGATTCTGTACGA-1,G1,CS22,vRG
GGCGACTGTGCACGAA-1,G2M,CS22,vRG
GGCGACTTCCCGGATG-1,G1,CS22,MatExc
GGCGTGTAGGGAACGG-1,G1,CS22,MatExc
GGCGTGTGTGCGCTTG-1,G1,CS22,vRG
GGCGTGTTCTGCTTGC-1,G1,CS22,vRG
GGCTCGACAAAGCAAT-1,G1,CS22,MatExc
GGCTCGACACCCATTC-1,G1,CS22,MatExc
GGCTCGAGTAGCTCCG-1,G2M,CS22,vRG
GGCTCGATCACAAACC-1,G1,CS22,vRG
GGCTGGTAGGCTACGA-1,G1,CS22,MatExc
GGCTGGTGTAAGCACG-1,G1,CS22,MatExc
GGCTGGTGTAGCCTCG-1,G2M,CS22,vRG
GGCTGGTTCAGAGACG-1,G1,CS22,MatExc
GGCTGGTTCCCGGATG-1,S,CS22,oRG
GGCTGGTTCGCATGAT-1,G1,CS22,vRG
GGCTGGTTCGCTTGTC-1,G2M,CS22,vRG
GGCTGGTTCTGTTGAG-1,G1,CS22,MatExc
GGGAATGAGGCCATAG-1,S,CS22,vRG
GGGAATGTCTGGAGCC-1,G1,CS22,vRG
GGGACCTAGATAGCAT-1,G1,CS22,vRG
GGGACCTAGTACTTGC-1,G1,CS22,MatExc
GGGACCTCAAAGTGCG-1,G1,CS22,vRG
GGGACCTCATGCCTTC-1,G1,CS22,vRG
GGGACCTTCCCAAGAT-1,G2M,CS22,IP
GGGAGATGTGTAACGG-1,G1,CS22,MatExc
GGGAGATTCACCACCT-1,G1,CS22,MatExc
GGGATGAAGGACACCA-1,G1,CS22,vRG
GGGATGACAAACCTAC-1,G1,CS22,vRG
GGGCACTAGCTTTGGT-1,G1,CS22,MatExc
GGGCACTCATACTACG-1,G2M,CS22,vRG
GGGCACTTCAACCAAC-1,G1,CS22,MatExc
GGGCATCAGGAGTAGA-1,G1,CS22,MatExc
GGGCATCCATGGTAGG-1,G1,CS22,MatExc
GGGCATCGTCTCCATC-1,G2M,CS22,vRG
GGGTCTGGTAGCGTAG-1,G1,CS22,oRG
GGGTCTGTCACAACGT-1,G2M,CS22,vRG
GGGTTGCGTCTGATCA-1,G1,CS22,vRG
GGGTTGCTCCCTAACC-1,G1,CS22,oRG
GGTATTGAGAACAACT-1,G2M,CS22,vRG
GGTATTGAGGAATCGC-1,G1,CS22,MatExc
GGTATTGAGGTACTCT-1,G1,CS22,MatExc
GGTATTGAGTGGACGT-1,G2M,CS22,vRG
GGTATTGCAATGAAAC-1,G1,CS22,MatExc
GGTATTGCACGACTCG-1,G2M,CS22,vRG
GGTATTGTCCCACTTG-1,G2M,CS22,vRG
GGTATTGTCGCCTGAG-1,G1,CS22,vRG
GGTGAAGTCCGAACGC-1,G1,CS22,MatExc
GGTGCGTGTCAGAGGT-1,G1,CS22,vRG
GGTGCGTTCAGTTTGG-1,G2M,CS22,vRG
GGTGCGTTCCAGTAGT-1,S,CS22,vRG
GGTGCGTTCTCATTCA-1,G2M,CS22,IP
GGTGTTAAGATGTGGC-1,G1,CS22,vRG
GGTGTTAAGCCAACAG-1,G2M,CS22,vRG
GGTGTTAAGTATGACA-1,G1,CS22,MatExc
GGTGTTACATCAGTAC-1,G1,CS22,MatExc
GGTGTTATCACTATTC-1,G1,CS22,vRG
GGTGTTATCTAAGCCA-1,G1,CS22,vRG
GTAACGTAGGACAGCT-1,G2M,CS22,vRG
GTAACGTCATGCTAGT-1,G1,CS22,MatExc
GTAACGTGTCGAGATG-1,G1,CS22,vRG
GTAACGTGTCTAGTCA-1,G2M,CS22,vRG
GTAACGTTCACATAGC-1,G1,CS22,MatExc
GTAACTGAGGATGCGT-1,S,CS22,oRG
GTAACTGCACTTAACG-1,G2M,CS22,vRG
GTAACTGGTCGGCTCA-1,G2M,CS22,vRG
GTAACTGGTCTAGTCA-1,G2M,CS22,vRG
GTAACTGTCTGCGGCA-1,G2M,CS22,vRG
GTAACTGTCTTGGGTA-1,G1,CS22,vRG
GTACGTAAGATCCCGC-1,G2M,CS22,vRG
GTACGTAAGCGATCCC-1,G2M,CS22,vRG
GTACGTAGTTCTGAAC-1,G1,CS22,vRG
GTACTCCAGTGGTAGC-1,G1,CS22,vRG
GTACTCCCACCAGATT-1,G1,CS22,MatExc
GTACTCCCACGGCCAT-1,G1,CS22,oRG
GTACTTTAGTTAGCGG-1,S,CS22,vRG
GTACTTTCATGTTCCC-1,G1,CS22,MatExc
GTACTTTGTCAGAGGT-1,G2M,CS22,vRG
GTACTTTTCTCTGCTG-1,S,CS22,IP
GTAGGCCCAGCGTTCG-1,G1,CS22,MatExc
GTAGTCACATTCACTT-1,G2M,CS22,vRG
GTAGTCAGTTCCACTC-1,G1,CS22,MatExc
GTAGTCATCGTAGGTT-1,G2M,CS22,vRG
GTATCTTGTAGTACCT-1,G1,CS22,MatExc
GTATCTTTCAGCCTAA-1,G1,CS22,vRG
GTATCTTTCCGATATG-1,G1,CS22,oRG
GTATCTTTCTCAAACG-1,G1,CS22,vRG
GTCAAGTCACCGAAAG-1,G2M,CS22,vRG
GTCAAGTCATCTATGG-1,G2M,CS22,vRG
GTCAAGTCATGTTGAC-1,G1,CS22,MatExc
GTCAAGTGTCAGAGGT-1,G1,CS22,MatExc
GTCACGGCAGGTTTCA-1,G2M,CS22,vRG
GTCACGGCAGTACACT-1,S,CS22,vRG
GTCACGGGTCTAGAGG-1,G1,CS22,MatExc
GTCATTTAGACTGGGT-1,G1,CS22,vRG
GTCATTTCAAACGTGG-1,G1,CS22,MatExc
GTCATTTCATGAACCT-1,G1,CS22,MatExc
GTCATTTTCAACTCTT-1,G1,CS22,vRG
GTCATTTTCTAACGGT-1,G1,CS22,MatExc
GTCCTCACAATCCAAC-1,G1,CS22,oRG
GTCCTCAGTCTAAACC-1,G1,CS22,MatExc
GTCCTCAGTCTCTCGT-1,G1,CS22,vRG
GTCCTCATCCCAGGTG-1,G1,CS22,MatExc
GTCCTCATCGACGGAA-1,G1,CS22,MatExc
GTCGGGTAGTTATCGC-1,G1,CS22,vRG
GTCGGGTTCGACGGAA-1,G1,CS22,vRG
GTCGTAAAGTGTGAAT-1,G1,CS22,MatExc
GTCGTAAGTCTTTCAT-1,G2M,CS22,vRG
GTCTCGTCAGTATCTG-1,G1,CS22,MatExc
GTCTCGTCATAAGACA-1,G2M,CS22,vRG
GTCTCGTGTCTTGCGG-1,G2M,CS22,vRG
GTCTCGTGTGCTGTAT-1,G1,CS22,MatExc
GTCTCGTTCAGTCCCT-1,G2M,CS22,vRG
GTCTCGTTCGATCCCT-1,G2M,CS22,vRG
GTCTTCGCATGACATC-1,G2M,CS22,vRG
GTCTTCGGTGCTCTTC-1,G1,CS22,vRG
GTCTTCGGTGTGAATA-1,G1,CS22,MatExc
GTCTTCGGTTGGTTTG-1,G2M,CS22,vRG
GTCTTCGTCGTTTATC-1,G1,CS22,MatExc
GTCTTCGTCTTAGAGC-1,G2M,CS22,vRG
GTGAAGGAGTGCCATT-1,G2M,CS22,vRG
GTGAAGGCAGGGTACA-1,G1,CS22,MatExc
GTGAAGGTCCTTTCGG-1,G1,CS22,MatExc
GTGAAGGTCTATCGCC-1,G1,CS22,oRG
GTGCAGCCATGAAGTA-1,G1,CS22,vRG
GTGCAGCGTGCGAAAC-1,G1,CS22,MatExc
GTGCAGCTCTTCGGTC-1,S,CS22,oRG
GTGCATAAGACTACAA-1,S,CS22,oRG
GTGCATAAGCGACGTA-1,G1,CS22,vRG
GTGCATAAGTAAGTAC-1,G1,CS22,MatExc
GTGCATACAATGGAAT-1,G1,CS22,MatExc
GTGCATACAGGTCTCG-1,G1,CS22,vRG
GTGCATAGTACTTGAC-1,G1,CS22,vRG
GTGCATAGTTGCCTCT-1,G1,CS22,MatExc
GTGCATATCTCTAAGG-1,G1,CS22,MatExc
GTGCGGTAGTTAGCGG-1,G1,CS22,vRG
GTGCGGTTCGGAGGTA-1,S,CS22,vRG
GTGCTTCAGCCATCGC-1,S,CS22,vRG
GTGCTTCGTGCATCTA-1,G2M,CS22,vRG
GTGCTTCTCGACAGCC-1,G1,CS22,MatExc
GTGGGTCAGTGTTAGA-1,G1,CS22,MatExc
GTGGGTCCATCAGTCA-1,G2M,CS22,vRG
GTGGGTCGTAAGGGCT-1,G1,CS22,MatExc
GTGGGTCTCAACCATG-1,G1,CS22,MatExc
GTGTGCGGTCACCCAG-1,G2M,CS22,vRG
GTGTGCGTCAAACCGT-1,G1,CS22,MatExc
GTGTTAGAGCACACAG-1,G1,CS22,MatExc
GTGTTAGCATCGGTTA-1,G1,CS22,vRG
GTGTTAGGTAGGGACT-1,G1,CS22,vRG
GTGTTAGGTCAACATC-1,G1,CS22,MatExc
GTGTTAGTCAACGGCC-1,S,CS22,oRG
GTTACAGGTCAGGACA-1,G1,CS22,vRG
GTTCATTAGCCCTAAT-1,S,CS22,oRG
GTTCATTGTAAGGATT-1,G1,CS22,vRG
GTTCATTGTCCGTTAA-1,G2M,CS22,vRG
GTTCGGGCATTGCGGC-1,S,CS22,IP
GTTCGGGTCTCTGCTG-1,G2M,CS22,vRG
GTTCTCGGTTCCCTTG-1,G2M,CS22,vRG
GTTCTCGGTTCTCATT-1,G2M,CS22,vRG
GTTCTCGTCCGAGCCA-1,G1,CS22,vRG
GTTCTCGTCGGTGTCG-1,G1,CS22,vRG
GTTTCTAAGGCTACGA-1,G2M,CS22,vRG
GTTTCTAAGGTAGCCA-1,G1,CS22,MatExc
GTTTCTACAAAGCGGT-1,G2M,CS22,vRG
GTTTCTACAACACCCG-1,G1,CS22,vRG
GTTTCTAGTCTAGGTT-1,S,CS22,vRG
GTTTCTAGTTACCGAT-1,G1,CS22,MatExc
TAAACCGCAAGGGTCA-1,G1,CS22,MatExc
TAAACCGCAGAAGCAC-1,G1,CS22,vRG
TAAACCGGTGTTGGGA-1,G2M,CS22,vRG
TAAACCGTCAGTGTTG-1,G2M,CS22,vRG
TAAACCGTCATCGGAT-1,G1,CS22,MatExc
TAAACCGTCCGAATGT-1,G2M,CS22,vRG
TAAGAGAGTCCTCCAT-1,G2M,CS22,IP
TAAGCGTAGGGTTTCT-1,G2M,CS22,vRG
TAAGTGCAGCAGGTCA-1,G1,CS22,MatExc
TAAGTGCAGTGAACGC-1,G1,CS22,vRG
TAAGTGCCAGCATACT-1,G1,CS22,vRG
TAAGTGCCATCCAACA-1,G2M,CS22,vRG
TAAGTGCGTGAGTGAC-1,G2M,CS22,vRG
TACACGAAGAGGGCTT-1,G1,CS22,MatExc
TACACGAAGCTCTCGG-1,G1,CS22,oRG
TACACGAAGGATTCGG-1,G2M,CS22,vRG
TACACGACACTCGACG-1,G1,CS22,MatExc
TACACGAGTACATGTC-1,G1,CS22,MatExc
TACACGATCCCGACTT-1,G1,CS22,MatExc
TACACGATCCCTCAGT-1,G1,CS22,oRG
TACACGATCGCACTCT-1,G2M,CS22,vRG
TACAGTGAGCGTTCCG-1,G1,CS22,vRG
TACAGTGCACCTCGTT-1,G2M,CS22,vRG
TACAGTGGTATATCCG-1,G2M,CS22,vRG
TACAGTGGTGCACGAA-1,G1,CS22,vRG
TACAGTGTCGCGGATC-1,S,CS22,oRG
TACAGTGTCGTAGGTT-1,G1,CS22,MatExc
TACCTATCACCAACCG-1,G2M,CS22,vRG
TACCTATCACCATCCT-1,G1,CS22,vRG
TACCTATCACGCTTTC-1,G1,CS22,MatExc
TACCTATCATCACCCT-1,G2M,CS22,vRG
TACCTATGTCCATGAT-1,G1,CS22,MatExc
TACCTATTCGGCTTGG-1,G2M,CS22,vRG
TACCTTAAGGCATGTG-1,G1,CS22,vRG
TACCTTACACGACTCG-1,G2M,CS22,vRG
TACGGATAGCGCCTTG-1,G2M,CS22,vRG
TACGGATCACAGCCCA-1,G1,CS22,vRG
TACGGATGTAGCGATG-1,G2M,CS22,vRG
TACGGATGTCGACTGC-1,G1,CS22,vRG
TACGGGCAGAGTCTGG-1,S,CS22,vRG
TACGGGCCATTCTTAC-1,G2M,CS22,vRG
TACGGGCGTCGAACAG-1,G1,CS22,MatExc
TACGGGCTCACAGGCC-1,G1,CS22,MatExc
TACGGTAAGCCCAATT-1,G1,CS22,vRG
TACGGTAAGCCTCGTG-1,G1,CS22,oRG
TACGGTAGTAAGTGGC-1,G1,CS22,MatExc
TACTCATAGTTGAGAT-1,G2M,CS22,vRG
TACTCATGTACCGAGA-1,S,CS22,oRG
TACTCATGTACTTAGC-1,G1,CS22,MatExc
TACTCATGTTCCGTCT-1,S,CS22,vRG
TACTCATGTTCGGCAC-1,G1,CS22,vRG
TACTCATTCAACGCTA-1,G2M,CS22,vRG
TACTCATTCGGTGTTA-1,S,CS22,vRG
TACTTACAGAGGTACC-1,G1,CS22,MatExc
TACTTACGTACTCTCC-1,S,CS22,oRG
TACTTACGTCGCATCG-1,G1,CS22,MatExc
TACTTACGTGATAAAC-1,G1,CS22,MatExc
TACTTGTAGCTAGTTC-1,G1,CS22,vRG
TACTTGTGTGTAACGG-1,G2M,CS22,vRG
TACTTGTTCCTTCAAT-1,G1,CS22,vRG
TAGACCAAGGTGGGTT-1,S,CS22,oRG
TAGACCACACTTGGAT-1,S,CS22,vRG
TAGACCAGTACAGACG-1,G2M,CS22,IP
TAGACCAGTCCCTACT-1,G1,CS22,vRG
TAGACCAGTGCACCAC-1,G1,CS22,vRG
TAGACCATCACAGTAC-1,G1,CS22,vRG
TAGACCATCTGAGGGA-1,G1,CS22,MatExc
TAGAGCTAGAGACGAA-1,G2M,CS22,IP
TAGAGCTAGCTGCAAG-1,G2M,CS22,vRG
TAGAGCTAGGATGGAA-1,S,CS22,vRG
TAGAGCTAGGCCCGTT-1,G1,CS22,vRG
TAGAGCTAGGTGCACA-1,G1,CS22,vRG
TAGAGCTCACGGCGTT-1,S,CS22,vRG
TAGCCGGAGAAGGGTA-1,S,CS22,oRG
TAGCCGGCAATGACCT-1,G1,CS22,vRG
TAGCCGGTCTCGGACG-1,G1,CS22,MatExc
TAGGCATAGCATCATC-1,G1,CS22,MatExc
TAGGCATGTCTGCAAT-1,G1,CS22,vRG
TAGGCATGTGTGGTTT-1,S,CS22,vRG
TAGTGGTAGGGTGTTG-1,G2M,CS22,vRG
TAGTGGTAGTTAACGA-1,G1,CS22,vRG
TAGTGGTTCGGAAACG-1,G1,CS22,MatExc
TAGTTGGAGAGCTGGT-1,G1,CS22,MatExc
TAGTTGGAGGGATGGG-1,G1,CS22,MatExc
TAGTTGGGTAGAAAGG-1,G1,CS22,vRG
TAGTTGGGTCAGAGGT-1,S,CS22,oRG
TAGTTGGGTTCAGTAC-1,G1,CS22,MatExc
TATCTCACATAGGATA-1,G1,CS22,oRG
TATGCCCAGCAGCCTC-1,S,CS22,oRG
TATGCCCCAACGATGG-1,G1,CS22,oRG
TATGCCCCACAAGACG-1,G1,CS22,MatExc
TATGCCCGTATAATGG-1,G1,CS22,vRG
TATGCCCTCATTGCCC-1,G1,CS22,MatExc
TATTACCAGTGGTAAT-1,G1,CS22,oRG
TATTACCCAGCGTAAG-1,G1,CS22,MatExc
TATTACCCAGGGTTAG-1,G1,CS22,MatExc
TATTACCCATATACGC-1,G2M,CS22,MatExc
TCAACGACACAACGTT-1,S,CS22,vRG
TCAACGAGTCAGGACA-1,G1,CS22,MatExc
TCAACGATCCCTCAGT-1,G1,CS22,vRG
TCAACGATCGCGCCAA-1,G1,CS22,MatExc
TCAACGATCGGAAACG-1,G2M,CS22,vRG
TCAATCTAGTACCGGA-1,G1,CS22,MatExc
TCAATCTCAAACTGCT-1,G1,CS22,MatExc
TCAATCTCAAAGCGGT-1,G1,CS22,MatExc
TCAATCTCAGGATCGA-1,S,CS22,vRG
TCAATCTGTGCACGAA-1,G1,CS22,MatExc
TCACAAGTCATGCATG-1,S,CS22,oRG
TCACAAGTCTGTCTAT-1,G2M,CS22,vRG
TCACGAAAGACTTGAA-1,G1,CS22,MatExc
TCACGAACACCCATGG-1,G1,CS22,MatExc
TCACGAAGTAATCACC-1,G2M,CS22,vRG
TCACGAAGTCCGTCAG-1,S,CS22,vRG
TCACGAAGTGCGATAG-1,G1,CS22,IP
TCAGATGAGGCTACGA-1,G2M,CS22,vRG
TCAGATGTCAGCAACT-1,G1,CS22,MatExc
TCAGCAACAGCTGCTG-1,G1,CS22,MatExc
TCAGCAAGTTACAGAA-1,G2M,CS22,vRG
TCAGCAAGTTCCACGG-1,G2M,CS22,vRG
TCAGCTCCAATGAATG-1,G1,CS22,vRG
TCAGCTCCACCAGGCT-1,S,CS22,vRG
TCAGCTCGTGCCTTGG-1,G1,CS22,vRG
TCAGCTCTCTAACTCT-1,G1,CS22,vRG
TCAGGATCACACAGAG-1,G2M,CS22,MatExc
TCAGGATGTAGCGCAA-1,G1,CS22,vRG
TCAGGATGTGATGCCC-1,G1,CS22,MatExc
TCAGGATTCCTCGCAT-1,S,CS22,oRG
TCAGGATTCTATCGCC-1,G1,CS22,MatExc
TCAGGTAAGCTGCCCA-1,S,CS22,vRG
TCAGGTACAAAGAATC-1,G1,CS22,MatExc
TCAGGTACAAGGACTG-1,G1,CS22,oRG
TCAGGTACAGTCTTCC-1,G1,CS22,oRG
TCAGGTAGTCCATCCT-1,G2M,CS22,vRG
TCAGGTATCGAGAGCA-1,G1,CS22,vRG
TCATTACCAATTCCTT-1,G1,CS22,MatExc
TCATTACTCTCTTATG-1,G1,CS22,vRG
TCATTTGAGCTATGCT-1,G2M,CS22,vRG
TCATTTGCACGCTTTC-1,G2M,CS22,vRG
TCATTTGGTCCGAAGA-1,G1,CS22,MatExc
TCATTTGGTGAGGGAG-1,G1,CS22,MatExc
TCATTTGGTGCCTTGG-1,G2M,CS22,vRG
TCCACACAGTGTCCCG-1,G1,CS22,MatExc
TCCACACCACCACGTG-1,S,CS22,oRG
TCCACACCAGCTGTGC-1,G1,CS22,vRG
TCCACACGTAGGAGTC-1,G1,CS22,vRG
TCCACACGTTAGATGA-1,G2M,CS22,IP
TCCCGATCAAGAAGAG-1,G1,CS22,oRG
TCCCGATCACCAGGCT-1,G1,CS22,MatExc
TCCCGATGTAGGGACT-1,S,CS22,vRG
TCCCGATGTCACCTAA-1,G2M,CS22,vRG
TCCCGATTCCTAGGGC-1,G1,CS22,vRG
TCGAGGCTCTGCTGTC-1,G1,CS22,MatExc
TCGCGAGAGTCGCCGT-1,G1,CS22,vRG
TCGCGAGGTTAGAACA-1,S,CS22,IP
TCGCGTTAGAACAACT-1,G1,CS22,oRG
TCGCGTTCACATGTGT-1,G2M,CS22,vRG
TCGCGTTGTAACGTTC-1,G1,CS22,vRG
TCGCGTTGTCACACGC-1,S,CS22,vRG
TCGGGACAGACGCACA-1,S,CS22,vRG
TCGGGACAGGGTGTGT-1,G2M,CS22,vRG
TCGGGACGTAAAGTCA-1,G1,CS22,MatExc
TCGGGACTCATATCGG-1,G1,CS22,vRG
TCGGTAAAGATATGGT-1,S,CS22,IP
TCGGTAAAGCGGATCA-1,G1,CS22,vRG
TCGGTAAAGCTTCGCG-1,G1,CS22,vRG
TCGGTAACAGGTCTCG-1,S,CS22,vRG
TCGGTAAGTGGTAACG-1,G1,CS22,MatExc
TCGGTAATCAGCTCTC-1,S,CS22,oRG
TCGGTAATCGCCAGCA-1,G1,CS22,vRG
TCGTACCCATCACCCT-1,G1,CS22,oRG
TCGTACCGTATTACCG-1,G2M,CS22,vRG
TCGTACCGTCATGCCG-1,G1,CS22,MatExc
TCGTACCTCCTAGGGC-1,G1,CS22,MatExc
TCGTAGACACAACGCC-1,G1,CS22,MatExc
TCGTAGAGTCCAAGTT-1,G2M,CS22,vRG
TCTATTGCAACGCACC-1,G1,CS22,vRG
TCTATTGGTTCGTTGA-1,G2M,CS22,vRG
TCTCATAAGTCATGCT-1,G1,CS22,MatExc
TCTCATAAGTGGTAAT-1,G1,CS22,vRG
TCTCATATCAGTTGAC-1,G1,CS22,vRG
TCTCTAAGTATATGAG-1,G1,CS22,MatExc
TCTCTAATCAATAAGG-1,G1,CS22,vRG
TCTCTAATCACATAGC-1,G2M,CS22,vRG
TCTGAGAGTCTGGAGA-1,S,CS22,vRG
TCTGAGATCGTCACGG-1,G1,CS22,oRG
TCTGGAACAGGCTGAA-1,G2M,CS22,vRG
TCTGGAATCAGCGACC-1,G1,CS22,MatExc
TCTTCGGAGAGATGAG-1,G1,CS22,vRG
TCTTCGGAGGCTAGGT-1,G2M,CS22,vRG
TCTTCGGAGGCTCAGA-1,G1,CS22,MatExc
TCTTCGGGTATAATGG-1,G2M,CS22,vRG
TCTTTCCAGTCTTGCA-1,G1,CS22,vRG
TCTTTCCCAATCCGAT-1,G1,CS22,MatExc
TCTTTCCCATTCTCAT-1,G2M,CS22,vRG
TCTTTCCGTTTGGCGC-1,G1,CS22,MatExc
TCTTTCCTCGGAGGTA-1,G1,CS22,MatExc
TGAAAGAAGGCCCTCA-1,S,CS22,vRG
TGAAAGAAGGTGGGTT-1,S,CS22,oRG
TGAAAGAGTATATGAG-1,G2M,CS22,vRG
TGAAAGAGTCAAACTC-1,G2M,CS22,vRG
TGAAAGAGTCAAAGAT-1,G2M,CS22,vRG
TGAAAGATCGAGAACG-1,G1,CS22,vRG
TGAAAGATCTAACCGA-1,G2M,CS22,vRG
TGACAACAGACTAGGC-1,G2M,CS22,vRG
TGACAACAGTTACGGG-1,G1,CS22,vRG
TGACAACCAAGAAAGG-1,S,CS22,oRG
TGACAACCACGTGAGA-1,G1,CS22,vRG
TGACAACTCATACGGT-1,G2M,CS22,vRG
TGACGGCAGACTGGGT-1,G1,CS22,MatExc
TGACGGCCACACGCTG-1,G2M,CS22,vRG
TGACGGCCACATGACT-1,G2M,CS22,vRG
TGACGGCCAGTAAGCG-1,G2M,CS22,vRG
TGACTAGAGTACTTGC-1,G1,CS22,MatExc
TGACTAGCATGGATGG-1,G2M,CS22,vRG
TGACTAGTCCTTTCGG-1,G2M,CS22,vRG
TGACTAGTCTCTTGAT-1,G2M,CS22,oRG
TGACTTTAGCGTGTCC-1,S,CS22,vRG
TGACTTTAGTACGATA-1,S,CS22,vRG
TGACTTTGTACAGTGG-1,G2M,CS22,vRG
TGAGAGGGTCCATGAT-1,G2M,CS22,IP
TGAGAGGTCACTGGGC-1,G2M,CS22,vRG
TGAGAGGTCCTACAGA-1,G2M,CS22,vRG
TGAGCATAGCCCAACC-1,G2M,CS22,vRG
TGAGCATAGGGTCGAT-1,G1,CS22,MatExc
TGAGCATAGTGAACGC-1,G1,CS22,MatExc
TGAGCATGTGCCTTGG-1,G2M,CS22,vRG
TGAGCATGTGGTAACG-1,G1,CS22,vRG
TGAGCATTCCCTTGCA-1,S,CS22,vRG
TGAGCATTCGTACGGC-1,G1,CS22,vRG
TGAGCATTCGTCACGG-1,G2M,CS22,vRG
TGAGCCGAGAAGGCCT-1,G1,CS22,MatExc
TGAGCCGAGCCCAATT-1,G1,CS22,MatExc
TGAGCCGCAATGGAAT-1,G1,CS22,MatExc
TGAGCCGTCACCATAG-1,G1,CS22,vRG
TGAGCCGTCGTAGGAG-1,G1,CS22,vRG
TGAGGGAGTAGGCATG-1,G1,CS22,vRG
TGAGGGAGTTGGGACA-1,G1,CS22,vRG
TGAGGGATCTCTTATG-1,G1,CS22,vRG
TGATTTCGTAAAGTCA-1,G2M,CS22,vRG
TGATTTCTCATGCATG-1,G2M,CS22,vRG
TGATTTCTCCGCGTTT-1,S,CS22,oRG
TGATTTCTCCGGCACA-1,G1,CS22,MatExc
TGCACCTCACCGATAT-1,G2M,CS22,vRG
TGCACCTCATGTCCTC-1,S,CS22,vRG
TGCACCTTCCGTTGCT-1,G2M,CS22,vRG
TGCCAAAAGATGAGAG-1,G2M,CS22,vRG
TGCCAAAAGGACTGGT-1,S,CS22,vRG
TGCCAAACAAACCTAC-1,G2M,CS22,vRG
TGCCAAACACACCGCA-1,G1,CS22,MatExc
TGCCAAACAGGACCCT-1,S,CS22,vRG
TGCCAAAGTATTACCG-1,G1,CS22,vRG
TGCCAAAGTTAAGACA-1,G2M,CS22,vRG
TGCCAAAGTTACGGAG-1,G2M,CS22,vRG
TGCCAAATCAGGTTCA-1,G1,CS22,IP
TGCCAAATCCGAACGC-1,G1,CS22,oRG
TGCCAAATCCGCAGTG-1,G1,CS22,MatExc
TGCCCATAGAAGGCCT-1,G1,CS22,vRG
TGCCCATAGTGCGTGA-1,S,CS22,vRG
TGCCCATTCTTGCAAG-1,S,CS22,oRG
TGCCCTACAGTGGAGT-1,G1,CS22,oRG
TGCCCTACATACAGCT-1,G1,CS22,IP
TGCCCTACATGAGCGA-1,G1,CS22,MatExc
TGCCCTATCGCCAAAT-1,G1,CS22,vRG
TGCCCTATCTTTAGTC-1,S,CS22,vRG
TGCGCAGCACTTCTGC-1,G1,CS22,MatExc
TGCGCAGTCAATACCG-1,G1,CS22,vRG
TGCGCAGTCGGAGCAA-1,G2M,CS22,IP
TGCGGGTAGCACACAG-1,G2M,CS22,vRG
TGCGGGTCATGCCTAA-1,G1,CS22,MatExc
TGCGGGTTCTATCGCC-1,G2M,CS22,vRG
TGCGTGGCACTGTCGG-1,S,CS22,vRG
TGCGTGGGTATTACCG-1,G2M,CS22,vRG
TGCTACCCAGCCTTTC-1,S,CS22,oRG
TGCTACCTCCTGTAGA-1,S,CS22,IP
TGCTGCTAGAAAGTGG-1,G1,CS22,MatExc
TGCTGCTAGGAATCGC-1,G1,CS22,MatExc
TGCTGCTGTGGTAACG-1,G2M,CS22,vRG
TGCTGCTGTTAAAGTG-1,G1,CS22,MatExc
TGCTGCTTCAAACCGT-1,G2M,CS22,vRG
TGCTGCTTCCCTCTTT-1,G1,CS22,MatExc
TGCTGCTTCGCCATAA-1,G1,CS22,vRG
TGCTGCTTCGCTTAGA-1,G1,CS22,MatExc
TGCTGCTTCTTGACGA-1,G1,CS22,MatExc
TGGACGCCAGTGGAGT-1,G1,CS22,MatExc
TGGACGCTCATACGGT-1,G1,CS22,vRG
TGGACGCTCCCACTTG-1,G2M,CS22,vRG
TGGCCAGAGCCAGTAG-1,G1,CS22,MatExc
TGGCCAGCAACAACCT-1,G1,CS22,vRG
TGGCCAGCATGGTAGG-1,G1,CS22,vRG
TGGCCAGGTCTAGCCG-1,S,CS22,vRG
TGGCGCAAGAGGACGG-1,G1,CS22,MatExc
TGGCGCAAGCTAGCCC-1,G1,CS22,MatExc
TGGCGCAAGGCCCGTT-1,G2M,CS22,vRG
TGGCGCAAGGGAAACA-1,G1,CS22,MatExc
TGGCGCACAATAAGCA-1,G1,CS22,MatExc
TGGCGCACAGACAAGC-1,S,CS22,vRG
TGGCGCAGTATGCTTG-1,G2M,CS22,vRG
TGGCGCAGTCACCTAA-1,G2M,CS22,MatExc
TGGCTGGAGACCACGA-1,G1,CS22,oRG
TGGCTGGAGCCAGGAT-1,S,CS22,IP
TGGCTGGCAGTATCTG-1,G1,CS22,vRG
TGGGAAGAGCGAAGGG-1,G2M,CS22,vRG
TGGGAAGCAGGTCGTC-1,S,CS22,vRG
TGGGAAGTCACAATGC-1,G2M,CS22,vRG
TGGGCGTAGGCAATTA-1,S,CS22,oRG
TGGGCGTAGGCATGTG-1,G2M,CS22,vRG
TGGGCGTAGGTGGGTT-1,G2M,CS22,vRG
TGGGCGTCATCTATGG-1,G2M,CS22,vRG
TGGGCGTGTCGGGTCT-1,G1,CS22,MatExc
TGGTTAGAGTCTCGGC-1,G1,CS22,MatExc
TGGTTAGCAGCTGTTA-1,G1,CS22,MatExc
TGGTTAGCAGGTCCAC-1,G2M,CS22,vRG
TGGTTAGGTCTGATCA-1,G1,CS22,vRG
TGGTTAGGTCTGCGGT-1,G2M,CS22,vRG
TGGTTCCAGCGTGAGT-1,G1,CS22,vRG
TGGTTCCCAGGTCGTC-1,G1,CS22,vRG
TGGTTCCTCCGTTGCT-1,G1,CS22,MatExc
TGGTTCCTCTCGCTTG-1,S,CS22,oRG
TGTATTCAGGTCGGAT-1,G2M,CS22,vRG
TGTATTCGTGCCTGGT-1,G1,CS22,MatExc
TGTATTCTCAGGCGAA-1,G2M,CS22,vRG
TGTATTCTCAGTACGT-1,S,CS22,oRG
TGTATTCTCGTTACGA-1,G1,CS22,MatExc
TGTCCCAAGTGAAGTT-1,G1,CS22,oRG
TGTCCCAGTCTGGTCG-1,G1,CS22,vRG
TGTCCCATCAGAAATG-1,G1,CS22,MatExc
TGTCCCATCCAGATCA-1,G2M,CS22,vRG
TGTCCCATCCTTTCGG-1,G1,CS22,oRG
TGTGGTACATACTACG-1,S,CS22,oRG
TGTGGTAGTATAAACG-1,G2M,CS22,vRG
TGTGTTTAGACCACGA-1,G2M,CS22,vRG
TGTGTTTAGTGAATTG-1,G1,CS22,MatExc
TGTGTTTGTACGCTGC-1,G2M,CS22,vRG
TGTGTTTGTCCAAGTT-1,G1,CS22,vRG
TGTGTTTGTTAAGTAG-1,G1,CS22,vRG
TGTGTTTGTTTCCACC-1,S,CS22,vRG
TGTGTTTTCCTGCTTG-1,G1,CS22,MatExc
TGTTCCGGTTTAGCTG-1,G1,CS22,MatExc
TGTTCCGTCAAGCCTA-1,G1,CS22,IP
TGTTCCGTCCGTAGTA-1,S,CS22,oRG
TTAACTCAGACTACAA-1,G1,CS22,vRG
TTAACTCGTTGTCTTT-1,G2M,CS22,vRG
TTAACTCGTTTAGCTG-1,G1,CS22,MatExc
TTAGGACCATGTAAGA-1,G2M,CS22,vRG
TTAGGACGTCTAGCGC-1,G1,CS22,MatExc
TTAGGACGTTAAGATG-1,G1,CS22,oRG
TTAGGACGTTGAGTTC-1,G1,CS22,vRG
TTAGGACTCACTTCAT-1,G1,CS22,vRG
TTAGGACTCGTGACAT-1,G1,CS22,oRG
TTAGGCAAGTGTTGAA-1,G1,CS22,MatExc
TTAGGCACATGCCTAA-1,G1,CS22,vRG
TTAGGCAGTTCACCTC-1,G2M,CS22,vRG
TTAGGCATCGCTAGCG-1,S,CS22,IP
TTAGTTCAGCGTCAAG-1,S,CS22,vRG
TTAGTTCCAAGCGCTC-1,S,CS22,vRG
TTATGCTAGGGCACTA-1,G1,CS22,MatExc
TTATGCTAGTTAACGA-1,G1,CS22,MatExc
TTATGCTTCCGTAGTA-1,G1,CS22,MatExc
TTATGCTTCGGTCTAA-1,G2M,CS22,vRG
TTCCCAGAGCAGGCTA-1,G1,CS22,vRG
TTCCCAGAGTTAAGTG-1,S,CS22,oRG
TTCCCAGCAAAGGCGT-1,G1,CS22,MatExc
TTCCCAGCAAGCGTAG-1,G1,CS22,MatExc
TTCCCAGCACCAGGTC-1,G1,CS22,vRG
TTCCCAGCACCGTTGG-1,G1,CS22,vRG
TTCGAAGAGATGTGGC-1,G1,CS22,MatExc
TTCGAAGGTGGTGTAG-1,G2M,CS22,vRG
TTCGAAGTCACATACG-1,G1,CS22,vRG
TTCGAAGTCCTTAATC-1,G1,CS22,MatExc
TTCGAAGTCGTCACGG-1,G2M,CS22,vRG
TTCGGTCAGAGGTTGC-1,G2M,CS22,vRG
TTCGGTCAGCTGAACG-1,G2M,CS22,vRG
TTCGGTCCAAATTGCC-1,G1,CS22,MatExc
TTCGGTCCAGCTGTAT-1,G1,CS22,vRG
TTCGGTCCAGGTCGTC-1,G1,CS22,vRG
TTCGGTCGTCATATGC-1,S,CS22,oRG
TTCGGTCGTCTGCCAG-1,G1,CS22,MatExc
TTCTACAAGAAGGTGA-1,G1,CS22,MatExc
TTCTACAAGTCCTCCT-1,G1,CS22,MatExc
TTCTACAGTCCTAGCG-1,G1,CS22,MatExc
TTCTACAGTGATGCCC-1,G1,CS22,vRG
TTCTACAGTGGTAACG-1,S,CS22,oRG
TTCTACAGTTCTCATT-1,G2M,CS22,vRG
TTCTCAAAGTGGGCTA-1,G1,CS22,vRG
TTCTCAACACCAGCAC-1,G1,CS22,vRG
TTCTCAATCAAACCAC-1,G2M,CS22,vRG
TTCTCCTAGTACACCT-1,S,CS22,vRG
TTCTCCTAGTCTCGGC-1,G1,CS22,vRG
TTCTCCTCATCCTAGA-1,G1,CS22,vRG
TTCTCCTTCACCGGGT-1,G1,CS22,MatExc
TTCTCCTTCCACGTTC-1,G1,CS22,oRG
TTCTCCTTCCTTGACC-1,G2M,CS22,vRG
TTCTTAGAGAGATGAG-1,S,CS22,vRG
TTCTTAGAGCGTAGTG-1,G2M,CS22,vRG
TTCTTAGAGTACCGGA-1,G1,CS22,vRG
TTCTTAGCAATCTACG-1,G1,CS22,MatExc
TTCTTAGCAGTCAGCC-1,G2M,CS22,vRG
TTGAACGAGACTAGGC-1,G1,CS22,vRG
TTGAACGAGAGTGAGA-1,S,CS22,oRG
TTGAACGAGCCCAACC-1,S,CS22,oRG
TTGAACGCAATAGCGG-1,G1,CS22,vRG
TTGAACGCAATCTACG-1,G2M,CS22,vRG
TTGAACGCACGCCAGT-1,G1,CS22,vRG
TTGAACGGTCTAGTGT-1,G2M,CS22,vRG
TTGAACGTCGGAAATA-1,G2M,CS22,vRG
TTGACTTGTACAGCAG-1,G2M,CS22,vRG
TTGACTTGTCCCGACA-1,G1,CS22,MatExc
TTGACTTTCAAGAAGT-1,G1,CS22,MatExc
TTGCCGTGTCCTAGCG-1,G1,CS22,MatExc
TTGCCGTGTTCTGAAC-1,G1,CS22,MatExc
TTGCCGTTCCTAGGGC-1,G1,CS22,MatExc
TTGCCGTTCGTAGGTT-1,G2M,CS22,vRG
TTGCCGTTCTGCCAGG-1,G1,CS22,vRG
TTGCGTCAGGTAAACT-1,G1,CS22,vRG
TTGCGTCCATGGGACA-1,G1,CS22,MatExc
TTGCGTCGTCGGCATC-1,S,CS22,vRG
TTGGAACAGTCGTTTG-1,G1,CS22,oRG
TTGGAACCAGTCTTCC-1,G1,CS22,oRG
TTGGAACCATCTATGG-1,G1,CS22,vRG
TTGGCAAAGCATCATC-1,G1,CS22,MatExc
TTGGCAAGTCGAATCT-1,G1,CS22,MatExc
TTGGCAAGTCTACCTC-1,G2M,CS22,oRG
TTGGCAATCTCACATT-1,G1,CS22,MatExc
TTGTAGGCATGGGAAC-1,G1,CS22,MatExc
TTTACTGAGAGCAATT-1,G1,CS22,vRG
TTTACTGAGAGGTACC-1,S,CS22,vRG
TTTACTGAGGCGATAC-1,G1,CS22,vRG
TTTACTGAGTTAACGA-1,S,CS22,IP
TTTACTGGTTTCCACC-1,G1,CS22,vRG
TTTACTGTCACAACGT-1,G2M,CS22,vRG
TTTATGCAGATCGATA-1,G1,CS22,MatExc
TTTATGCCAAGGTTTC-1,G1,CS22,MatExc
TTTATGCGTCCGAACC-1,G2M,CS22,vRG
TTTCCTCGTAGCGATG-1,G2M,CS22,vRG
TTTCCTCTCTACCAGA-1,S,CS22,oRG
TTTGCGCCACATTAGC-1,G2M,CS22,vRG
TTTGCGCGTTAAAGAC-1,S,CS22,vRG
TTTGGTTAGCAGCCTC-1,G1,CS22,vRG
TTTGGTTAGCCTTGAT-1,G1,CS22,vRG
TTTGGTTAGTTCCACA-1,G2M,CS22,vRG
TTTGGTTCATTCACTT-1,G1,CS22,vRG
TTTGGTTTCCACGTTC-1,G1,CS22,MatExc
TTTGGTTTCGTCCGTT-1,S,CS22,vRG
TTTGGTTTCTAACTGG-1,G1,CS22,MatExc
TTTGGTTTCTCTTGAT-1,G1,CS22,MatExc
TTTGTCAAGAGACTTA-1,G1,CS22,MatExc
TTTGTCAAGATGTCGG-1,G2M,CS22,vRG
TTTGTCAAGCCTTGAT-1,S,CS22,oRG
TTTGTCAAGGTGCACA-1,G1,CS22,MatExc
TTTGTCAAGTTTCCTT-1,G2M,CS22,vRG
TTTGTCACAAGACGTG-1,S,CS22,vRG
TTTGTCACAGGTCTCG-1,G1,CS22,vRG
TTTGTCATCCTACAGA-1,S,CS22,oRG
